name,image,alt,link
CW Championship Cricket Kit for Men Full Size Cricket Kit Set English Willow Cricket Kit Full Cricket Kit Bag Full Set Cricket Kit Full Size Adult Set Senior Kit- Red Black White,https://m.media-amazon.com/images/I/41XMN4owc4S.jpg,,https://www.amazon.in/dp/B092L7R4HF?social_share=cm_sw_r_cso_wa_apan_dp_H1EBFTA3YNW0VFWBK56K&linkCode=ll1&tag=onlinemar0fad-21&linkId=f872be94bda9b750679aa9f244506854&language=en_IN&ref_=as_li_ss_tl
URBANMONK 1-Meter Self Adhesive Water Stopper for Bathroom | Water Stopper for Kitchen Slab with Glue Stick | Bathroom Water Stopper Flexible Silicone Water Blocking Strip,https://m.media-amazon.com/images/I/61nWlr+gGLL._SX679_.jpg,,https://www.amazon.in/URBANMONK-Adhesive-Bathroom-Flexible-Silicone/dp/B0DD7JL52K?crid=2T3IGSPY36MDD&dib=eyJ2IjoiMSJ9.IzAR0K5ntk9KB0zfmwDkEHYAqPJ9S2poBkJ3svUVSBdNZYS4uW0Uf-rYh7ELyWfm7Vp_shHQsjNiQR_kf5B0_CNA2cDiFGrpDBJienHo5sw9oxLw7ocOZyytjBEsTRiOd0_wWdJBlRmH4SffOL5UeHlV6KFIX6NFTIArSfFgTRifumpHO9eeh8Diqss7Klz8T67XrSTxzXD3_dEAk8OE5dh28vRrKyrQnUO4BS0mg7-F4rSjyRA2_zDkud34VY2duAr-vAcoPL7m-kAz5oXsjtky-1sOqFo8U_RfT37wk5U.L8ENLedMLVzCNP1fTFArLxHl092Bf_nNgtDTD644Spw&dib_tag=se&keywords=URBANMONK%2B1-Meter%2BSelf%2BAdhesive%2BWater%2BStopper%2Bfor%2BBathroom%2B%7C%2BWater%2BStopper%2Bfor%2BKitchen%2BSlab%2Bwith%2BGlue%2BStick%2B%7C%2BBathroom%2BWater%2BStopper%2BFlexible%2BSilicone%2BWater%2BBlocking%2BStrip&nsdOptOutParam=true&qid=1765032417&sprefix=urbanmonk%2B1-meter%2Bself%2Badhesive%2Bwater%2Bstopper%2Bfor%2Bbathroom%2Bwater%2Bstopper%2Bfor%2Bkitchen%2Bslab%2Bwith%2Bglue%2Bstick%2Bbathroom%2Bwater%2Bstopper%2Bflexible%2Bsilicone%2Bwater%2Bblocking%2Bstrip%2Caps%2C244&sr=8-5&th=1&linkCode=ll1&tag=onlinemar0fad-21&linkId=76dd002f9d8fbd38385897048f876d54&language=en_IN&ref_=as_li_ss_tl
BELOXY Table Tennis Trainer Toys for Kids & Adults | Rebound Rackets and Balls Base Training Practice Set | Outdoor Indoor Games for Boys & Girls 01 (Multi),https://m.media-amazon.com/images/I/31W3UUH8u6L._SY300_SX300_QL70_FMwebp_.jpg,,https://www.amazon.in/BELOXY-Trainer-Rebound-Training-Practice/dp/B0FN428L4W?dib=eyJ2IjoiMSJ9.E374dkRR5blUHIO65IrnOhaBQ0yagB8GiYTRR0r2Jf9ZowcFbqSUzg5FmFaNdimkbuJ85FmHtbt6_uQbRp79syFm_qc8AgSbRPy5tBH_w2XI8MtaRwozD6Dye4tcKWroTzLu_Fcjd0r3784onp95oy7_qKETdj7LLIIQom-gyi3aJtnyCjr6ie0TtUfpqJ30hbAlSxzwmK68bAFrubQiI79WfhAx2aZnnpkQWtUemGaTHBYv1-qub1mpwXEe3WoHhYphEBCUZOtMvvA3HZyNy3q0q5WhrRFT8FMrD8vqV_I.5DqwOj83qHbKEBwDbC1NCguURp7cMYpHV_wM1CBr9Wg&dib_tag=se&keywords=sports%2Btoys&qid=1758379660&sr=8-1-spons&sp_csd=d2lkZ2V0TmFtZT1zcF9hdGY&th=1&linkCode=ll1&tag=onlinemar0fad-21&linkId=692df0e7458b72ceb908a479d1af354f&language=en_IN&ref_=as_li_ss_tl
Amazon Brand - Jam & Honey Indoor Outdoor Ping Pong Table Tennis Trainer | Sports Toy for Teenagers & Kids | Birthday Gift 2 Players,https://m.media-amazon.com/images/I/41QhJaJQ5EL._SY300_SX300_QL70_FMwebp_.jpg,,https://www.amazon.in/Amazon-Brand-Outdoor-Teenagers-Birthday/dp/B0CV7MRGJ8?dib=eyJ2IjoiMSJ9.E374dkRR5blUHIO65IrnOhaBQ0yagB8GiYTRR0r2Jf9ZowcFbqSUzg5FmFaNdimkbuJ85FmHtbt6_uQbRp79syFm_qc8AgSbRPy5tBH_w2XI8MtaRwozD6Dye4tcKWroTzLu_Fcjd0r3784onp95oy7_qKETdj7LLIIQom-gyi3aJtnyCjr6ie0TtUfpqJ30hbAlSxzwmK68bAFrubQiI79WfhAx2aZnnpkQWtUemGaTHBYv1-qub1mpwXEe3WoHhYphEBCUZOtMvvA3HZyNy3q0q5WhrRFT8FMrD8vqV_I.5DqwOj83qHbKEBwDbC1NCguURp7cMYpHV_wM1CBr9Wg&dib_tag=se&keywords=sports%2Btoys&qid=1758379660&sr=8-2-spons&sp_csd=d2lkZ2V0TmFtZT1zcF9hdGY&th=1&linkCode=ll1&tag=onlinemar0fad-21&linkId=69ee5aa00335f2b988de127452d63641&language=en_IN&ref_=as_li_ss_tl
MOROVIK Hanging Table Tennis Self Training Indoor Gaming 2 Racket & 6 Practice Ball Portable - Double Sparring Hanging Toys Parent Child Interaction Indoor Toys (TT1),https://m.media-amazon.com/images/I/61YgPfZBFjL._SX679_.jpg,,https://www.amazon.in/MOROVIK-Hanging-Training-Practice-Portable/dp/B0FJG1RDPT?dib=eyJ2IjoiMSJ9.E374dkRR5blUHIO65IrnOhaBQ0yagB8GiYTRR0r2Jf9ZowcFbqSUzg5FmFaNdimkbuJ85FmHtbt6_uQbRp79syFm_qc8AgSbRPy5tBH_w2XI8MtaRwozD6Dye4tcKWroTzLu_Fcjd0r3784onp95oy7_qKETdj7LLIIQom-gyi3aJtnyCjr6ie0TtUfpqJ30hbAlSxzwmK68bAFrubQiI79WfhAx2aZnnpkQWtUemGaTHBYv1-qub1mpwXEe3WoHhYphEBCUZOtMvvA3HZyNy3q0q5WhrRFT8FMrD8vqV_I.5DqwOj83qHbKEBwDbC1NCguURp7cMYpHV_wM1CBr9Wg&dib_tag=se&keywords=sports%2Btoys&qid=1758379660&sr=8-3-spons&sp_csd=d2lkZ2V0TmFtZT1zcF9hdGY&th=1&linkCode=ll1&tag=onlinemar0fad-21&linkId=90c8b2c74f82666e1d122372bdd4acbe&language=en_IN&ref_=as_li_ss_tl
PATPAT® Wall Basketball Hoop & Basketball Toy Set for Kids Wall Hanging Indoor Foldable Basketball Hoop 24cm Dia Easy Basketball Hoop for Kids 3-6 Years Old with Manual Air Pump,https://m.media-amazon.com/images/I/41Mzej8NDmL._SY300_SX300_QL70_FMwebp_.jpg,,https://www.amazon.in/PATPAT%C2%AE-Basketball-Hanging-Indoor-Foldable/dp/B0DJQ9CQNF?dib=eyJ2IjoiMSJ9.E374dkRR5blUHIO65IrnOhaBQ0yagB8GiYTRR0r2Jf9ZowcFbqSUzg5FmFaNdimkbuJ85FmHtbt6_uQbRp79syFm_qc8AgSbRPy5tBH_w2XI8MtaRwozD6Dye4tcKWroTzLu_Fcjd0r3784onp95oy7_qKETdj7LLIIQom-gyi3aJtnyCjr6ie0TtUfpqJ30hbAlSxzwmK68bAFrubQiI79WfhAx2aZnnpkQWtUemGaTHBYv1-qub1mpwXEe3WoHhYphEBCUZOtMvvA3HZyNy3q0q5WhrRFT8FMrD8vqV_I.5DqwOj83qHbKEBwDbC1NCguURp7cMYpHV_wM1CBr9Wg&dib_tag=se&keywords=sports%2Btoys&qid=1758379660&sr=8-4-spons&sp_csd=d2lkZ2V0TmFtZT1zcF9hdGY&th=1&linkCode=ll1&tag=onlinemar0fad-21&linkId=1f93bde188bef9d3f0282c5963701cb4&language=en_IN&ref_=as_li_ss_tl
Smartivity Multi Sports Kit for Kids 6-12 Year I Basketball. Football & Bowling | Birthday Gifts for Boys & Girls | DIY Science Toy for Kids 6.7.8.9.10.11.12.13.14 YearsI STEM Wooden Construction Game,https://m.media-amazon.com/images/I/51p5gRaqxUL._SY300_SX300_QL70_FMwebp_.jpg,,https://www.amazon.in/Smartivity-Basketball-Football-Birthday-Construction/dp/B0CZDJN6Q8?dib=eyJ2IjoiMSJ9.E374dkRR5blUHIO65IrnOhaBQ0yagB8GiYTRR0r2Jf9ZowcFbqSUzg5FmFaNdimkbuJ85FmHtbt6_uQbRp79syFm_qc8AgSbRPy5tBH_w2XI8MtaRwozD6Dye4tcKWroTzLu_Fcjd0r3784onp95oy7_qKETdj7LLIIQom-gyi3aJtnyCjr6ie0TtUfpqJ30hbAlSxzwmK68bAFrubQiI79WfhAx2aZnnpkQWtUemGaTHBYv1-qub1mpwXEe3WoHhYphEBCUZOtMvvA3HZyNy3q0q5WhrRFT8FMrD8vqV_I.5DqwOj83qHbKEBwDbC1NCguURp7cMYpHV_wM1CBr9Wg&dib_tag=se&keywords=sports+toys&qid=1758379660&sr=8-6&linkCode=ll1&tag=onlinemar0fad-21&linkId=04353dee3eac5ada15398dae701dcb5e&language=en_IN&ref_=as_li_ss_tl
Toyshine Bow & Arrow Archery Set Outdoor Hunting Adventure Game with Safe 3 Suction Dart Arrows. Target & Quiver Sports Toy Kids 7-12 Years - Blue,https://m.media-amazon.com/images/I/7186qa-A26L._SX679_.jpg,,https://www.amazon.in/Toyshine-Archery-Outdoor-Hunting-Adventure/dp/B0D8JFHZ9C?dib=eyJ2IjoiMSJ9.E374dkRR5blUHIO65IrnOhaBQ0yagB8GiYTRR0r2Jf9ZowcFbqSUzg5FmFaNdimkbuJ85FmHtbt6_uQbRp79syFm_qc8AgSbRPy5tBH_w2XI8MtaRwozD6Dye4tcKWroTzLu_Fcjd0r3784onp95oy7_qKETdj7LLIIQom-gyi3aJtnyCjr6ie0TtUfpqJ30hbAlSxzwmK68bAFrubQiI79WfhAx2aZnnpkQWtUemGaTHBYv1-qub1mpwXEe3WoHhYphEBCUZOtMvvA3HZyNy3q0q5WhrRFT8FMrD8vqV_I.5DqwOj83qHbKEBwDbC1NCguURp7cMYpHV_wM1CBr9Wg&dib_tag=se&keywords=sports+toys&qid=1758379660&sr=8-7&linkCode=ll1&tag=onlinemar0fad-21&linkId=91a2b11d967bbad8bd57e28f7013ba72&language=en_IN&ref_=as_li_ss_tl
THE GAME FACTORY - Sticky Golf Club Games Set for Indoor Play – 4-in-1 Golf Toy with Chipping Net. Sticky Ball Targets. and Putting Practice Mat – Fun Sports Game for Kids & Adults - Kids Golf Set,https://m.media-amazon.com/images/I/518WtkMmWPL._SY300_SX300_QL70_FMwebp_.jpg,,https://www.amazon.in/GAME-FACTORY-4-1-Chipping/dp/B0DP6KGKKK?content-id=amzn1.sym.0629fcb0-94ed-4eba-9abe-6c93c227c465%3Aamzn1.sym.0629fcb0-94ed-4eba-9abe-6c93c227c465&cv_ct_cx=sports+toys&keywords=sports+toys&pd_rd_i=B0DP6KGKKK&pd_rd_r=70ad8786-5b08-488e-9cca-9cb5c55846c8&pd_rd_w=WBk5m&pd_rd_wg=9MjtQ&pf_rd_p=0629fcb0-94ed-4eba-9abe-6c93c227c465&pf_rd_r=SZRZW4EVDTPW9FDFJ4ME&qid=1758379660&sbo=RZvfv%2F%2FHxDF%2BO5021pAnSA%3D%3D&sr=1-3-66673dcf-083f-43ba-b782-d4a436cc5cfb-spons&sp_csd=d2lkZ2V0TmFtZT1zcF9zZWFyY2hfdGhlbWF0aWM&psc=1&linkCode=ll1&tag=onlinemar0fad-21&linkId=5167a1c5a99fc7ef1fd1b6807c7960cf&language=en_IN&ref_=as_li_ss_tl
FunBlast Click and Catch Twin Ball Game Indoor Outdoor Toy Set. Pop & Catch Ball Play Fun Boys & Girls (Color May Vary),https://m.media-amazon.com/images/I/4175sACXWtL._SY300_SX300_QL70_FMwebp_.jpg,,https://www.amazon.in/FunBlast-Click-Indoor-Outdoor-Girls/dp/B07NJTFVZ6?dib=eyJ2IjoiMSJ9.E374dkRR5blUHIO65IrnOhaBQ0yagB8GiYTRR0r2Jf9ZowcFbqSUzg5FmFaNdimkbuJ85FmHtbt6_uQbRp79syFm_qc8AgSbRPy5tBH_w2XI8MtaRwozD6Dye4tcKWroTzLu_Fcjd0r3784onp95oy7_qKETdj7LLIIQom-gyi3aJtnyCjr6ie0TtUfpqJ30hbAlSxzwmK68bAFrubQiI79WfhAx2aZnnpkQWtUemGaTHBYv1-qub1mpwXEe3WoHhYphEBCUZOtMvvA3HZyNy3q0q5WhrRFT8FMrD8vqV_I.5DqwOj83qHbKEBwDbC1NCguURp7cMYpHV_wM1CBr9Wg&dib_tag=se&keywords=sports+toys&qid=1758379660&sr=8-20&linkCode=ll1&tag=onlinemar0fad-21&linkId=c4c74aef981952b1c01ceb1a1ad522df&language=en_IN&ref_=as_li_ss_tl
Whackk Complete Cricket Set. Cricket Kit Combo. l Cricket Bat (30'' x 3.9'') with 3 Stumps Wicket Set and 1 Tennis Ball.Size-5 Bat,https://m.media-amazon.com/images/I/41uUKkMukNL._SY300_SX300_QL70_FMwebp_.jpg,,https://www.amazon.in/Whackk-Complete-Cricket-Stumps-Wicket/dp/B0FD9PLMP6?crid=E15YBRZ793E1&dib=eyJ2IjoiMSJ9.Iyu1IOqaKK6JK6dyknfUzQL4J5O1UNDVYytO7rNHGrJCggnlQmhb8V-1-Aq2sjV71RtEz-v79_X0fM8l1dpx-z8vJzZyc6MhLX6extDQ3Fl2ig0MQ33b3lSxHUcPSExlx1jAD4PewYCDUreOI7aGHYZxnHSK9TeIi1SFeg1anOPZ8U2b93MzSTF9P4dUll5JtLRQfyEGbdWlohbbeazFyAAPl_Jkj8IrVYD6wX4G92oxdOLn7EW1duVWvig-RPLWWmQAKz11Vb0Obm2gIe2nX7SP8EuB1uenc1VNYM8w1xg.WnkYzdWAbrgw5TqCqF5PHKAccyzpGWYZcK7wU0TVhJs&dib_tag=se&keywords=cricket+kit&qid=1758380224&sprefix=cricket+ki%2Caps%2C300&sr=8-1-spons&sp_csd=d2lkZ2V0TmFtZT1zcF9hdGY&psc=1&linkCode=ll1&tag=onlinemar0fad-21&linkId=5fdff54bce9e167ca796e8a37099ae31&language=en_IN&ref_=as_li_ss_tl
THE CONCISE ART OF SEDUCTION,https://m.media-amazon.com/images/I/61+C5NBJCFL._SY466_.jpg,,https://www.amazon.in/dp/1861976410?s=bazaar&social_share=cm_sw_r_ffobk_cso_wa_apan_dp_bzr_GR7NTAMWCN34N8CT04N6&bestFormat=true&linkCode=ll1&tag=onlinemar0fad-21&linkId=66b9478a4d463738147a5112626ede16&language=en_IN&ref_=as_li_ss_tl
THE CONCISE 33 STRATEGIES OF WAR,https://m.media-amazon.com/images/I/61EXHTBMoPL._SY425_.jpg,,https://www.amazon.in/dp/1861979983?social_share=cm_sw_r_ffobk_cso_wa_apan_dp_PCXMWG03PA3M15BK842X&bestFormat=true&linkCode=ll1&tag=onlinemar0fad-21&linkId=e4ac9cc5e5f6de92131379f3add4bb2e&language=en_IN&ref_=as_li_ss_tl
The Millionaire Fastlane: Crack the Code to Wealth and Live Rich for a Lifetime,https://m.media-amazon.com/images/I/81IM+frfVSL._SY466_.jpg,,https://www.amazon.in/dp/9390085497?social_share=cm_sw_r_ffobk_cso_wa_apan_dp_ZG484VGMPJVRF2E8EH4P&bestFormat=true&linkCode=ll1&tag=onlinemar0fad-21&linkId=114f7a8b1940c9556de88ca8c5c83fe3&language=en_IN&ref_=as_li_ss_tl
Modi’s Mission,https://m.media-amazon.com/images/I/41FRJvAcj1L._SY445_SX342_ControlCacheEqualizer_.jpg,,https://www.amazon.in/dp/9370033408?crid=1A79ZXOGFA2HB&dib=eyJ2IjoiMSJ9.U1XCeDMWq2ZsOdDAEeyEz6d1PhisO4vC_XaQ2lsNwcgSNPIiBzQo4ITQmMFYA5Ecf7p1MhTmDIwxdfmDfSHwXKqmNcbEmrPj4NOq4xe5shqCIX-j5S3qwWQdZuc6zZiqLkJZhYcUGVtwhpkNb1jX2gHNs0DfVtvIPjozgD2ka0ILAIBGAs1gR7ZW9DZf_Liim00XYZQHG3jeYD7IYC6977dS7uPe1L_8FyogI_4TPAM.Vi0Hc-Gkza-xShGjuMWtAImSp6n7aGmUmczVtVMT6l0&dib_tag=se&keywords=books&qid=1759576569&sprefix=books%2Caps%2C330&sr=8-3&linkCode=ll1&tag=onlinemar0fad-21&linkId=40b7e6cc69b95f4f9259e1e0c382f47f&language=en_IN&ref_=as_li_ss_tl
Dopamine Detox: A Short Guide to Remove Distractions and Get Your Brain to Do Hard Things,https://m.media-amazon.com/images/I/41CV+aTeWWL._SY445_SX342_ControlCacheEqualizer_.jpg,,https://www.amazon.in/Dopamine-Detox-Remove-Distractions-Things/dp/8183286011?&linkCode=ll1&tag=onlinemar0fad-21&linkId=c7fe1893954ce16d1d65c5c5705499b0&language=en_IN&ref_=as_li_ss_tl
The ChatGPT Millionaire: Making Money Online Has Never Been This EASY | The Ultimate Guide to Using ChatGPT for Content Creation. Passive Income & Business Growth (Includes 150+ Powerful Prompts),https://m.media-amazon.com/images/I/61dTv1V+ceL._SY342_.jpg,,https://www.amazon.in/ChatGPT-Millionaire-Making-Money-Online/dp/0143465848?&linkCode=ll1&tag=onlinemar0fad-21&linkId=d3e50486dd531b842c76ced35e38e1f5&language=en_IN&ref_=as_li_ss_tl
The 7 Habits of Highly Effective People. 25th Anniversary Edition. Powerful Lessons in Personal Change,https://m.media-amazon.com/images/I/41HFw-LWiKL._SY445_SX342_ControlCacheEqualizer_.jpg,,https://www.amazon.in/dp/B0FT8VFKBH?&linkCode=ll1&tag=onlinemar0fad-21&linkId=433208f9bef3afff6e3c0ff557f0cf33&language=en_IN&ref_=as_li_ss_tl
Master Your Emotions,https://m.media-amazon.com/images/I/41F3jXs+uIL._SY445_SX342_ControlCacheEqualizer_.jpg,,https://www.amazon.in/Master-Your-Emotions-Practical-Negativity/dp/818328552X?&linkCode=ll1&tag=onlinemar0fad-21&linkId=0f14533e4526413e6a2940668fa0d099&language=en_IN&ref_=as_li_ss_tl
Master Your Mindset: How To Get What You Truly Deserve | Author Signed Copy,https://m.media-amazon.com/images/I/41963MCqBLL._SY445_SX342_ControlCacheEqualizer_.jpg,,https://www.amazon.in/Master-Your-Mindset-Deserve-Author/dp/B0FPMKSJ8L?&linkCode=ll1&tag=onlinemar0fad-21&linkId=81400378588870a1abb872dafcdc9a34&language=en_IN&ref_=as_li_ss_tl
Power of Symbols : Reiki & Other Spiritual Symbols,https://m.media-amazon.com/images/I/51tjQQR613L._SY445_SX342_ControlCacheEqualizer_.jpg,,https://www.amazon.in/Power-Symbols-Reiki-Other-Spiritual/dp/1646785703?&linkCode=ll1&tag=onlinemar0fad-21&linkId=26d958db991048bcfbd611324ddb1c11&language=en_IN&ref_=as_li_ss_tl
Nadi Astrology: Accurate Predictive Methodology by Umang Taneja | Advanced System of Vedic Prediction,https://m.media-amazon.com/images/I/91VryscH5wL._SY466_.jpg,,https://www.amazon.in/Nadi-Astrology-Predictive-Methodology-Prediction/dp/B0FK289DSS?crid=E0IE5V3I5N9F&dib=eyJ2IjoiMSJ9.1M5iiB3djswcqs_RekDJ7YWnImx6Gvytl9bVPCaCFM-IotlfPZyEy4OwQnO78xpiV4U1RwyHo8XhpLQjUG_tThNCYpwyaak23kMVsO1L_59v_IEz1Iekftl1fL5Sziy48CjGMWfWHaRptWNAqE1DSvqOy3J1EZO6NBtxSZvopKJm41HS4jgc3CXZ0Z7LPOgBEjKlBDLjcrfMNbBRfYkcvMJ2ZVoJeCCSR8wjIXvEqGo.zW9B4GtY3rGMoVApj_CiKh0NJ_zWqMSu3CaPSqjJUNU&dib_tag=se&keywords=nadi+astrology+by+umang+taneja&qid=1764684146&sprefix=nadi+astrology+by+umang%2Caps%2C658&sr=8-1&linkCode=ll1&tag=onlinemar0fad-21&linkId=4fd4ed6f34031001a99fda3bfbc11abe&language=en_IN&ref_=as_li_ss_tl
Men's Regular Fit Stranger Things Hellfire Club Graphic Printed Netflix Series T-Shirt,https://m.media-amazon.com/images/I/511Qd4omi3L._SX679_.jpg,,https://www.amazon.in/InDIAn-CLOTHInG-CO-Stranger-Hellfire/dp/B0DSQ5CG4P?crid=19QE69KZMMOJS&dib=eyJ2IjoiMSJ9.GCbSXIvLxl7pocvGz2MFVYHjJVGEuFKpTsF17SUFz1uZ_LT6QXIKrWjp9nFUCUray6JWalz7PPQeQyVHBP_3GAKsMwBKXmGYEkMip6IvM9M11ydnbMCqqOkp0GCKZ8rhqswo01ZNxN8XCSpuP5Iznp9Gfojc-HRdpSCtlUR6KGbCE6e6ELoMzpRPqI6FZS3BRC_i96Y5ebqD0Ce3JlAT7k_iQHnk4guA1hios7O8JLyqFi0HK_usQzfmhBLorCoBBU-j43TKlupg2GxN38USHHanVMgUZ17QZC5TOa_ZdCo.wTCgTvEC4z3rnSRmJzDtTRS2oGwTfSESvzIMuf52czc&dib_tag=se&keywords=stranger%2Bthings&qid=1765115071&sprefix=stranger%2Bthings%2Caps%2C240&sr=8-1-spons&aref=9AcjZu3ro2&sp_csd=d2lkZ2V0TmFtZT1zcF9hdGY&th=1&psc=1&linkCode=ll1&tag=onlinemar0fad-21&linkId=ced95506b704d7456fe281f7c2f910a5&language=en_IN&ref_=as_li_ss_tl
inspire TA Stranger Things Web Series Poster By The Duffer Brothers Hollywood Movie Painting Posters Collection Photo Framed Laminated Posters With Black Frames (12 X 9 Inches),https://m.media-amazon.com/images/I/61Cjl3R6mtL._SX679_.jpg,,https://www.amazon.in/inspire-TA-Hollywood-Collection-Laminated/dp/B0D3QL7PSK?crid=19QE69KZMMOJS&dib=eyJ2IjoiMSJ9.GCbSXIvLxl7pocvGz2MFVYHjJVGEuFKpTsF17SUFz1uZ_LT6QXIKrWjp9nFUCUray6JWalz7PPQeQyVHBP_3GAKsMwBKXmGYEkMip6IvM9M11ydnbMCqqOkp0GCKZ8rhqswo01ZNxN8XCSpuP5Iznp9Gfojc-HRdpSCtlUR6KGbCE6e6ELoMzpRPqI6FZS3BRC_i96Y5ebqD0Ce3JlAT7k_iQHnk4guA1hios7O8JLyqFi0HK_usQzfmhBLorCoBBU-j43TKlupg2GxN38USHHanVMgUZ17QZC5TOa_ZdCo.wTCgTvEC4z3rnSRmJzDtTRS2oGwTfSESvzIMuf52czc&dib_tag=se&keywords=stranger+things&qid=1765115071&sprefix=stranger+things%2Caps%2C240&sr=8-2-spons&aref=RUYldorVW1&sp_csd=d2lkZ2V0TmFtZT1zcF9hdGY&psc=1&linkCode=ll1&tag=onlinemar0fad-21&linkId=61747a6302c7de840ecbf06f5182d66b&language=en_IN&ref_=as_li_ss_tl
Stranger Things Wiro Journal Notebook | 80 gsm Paper With 350GSM Hard Cover | Unruled | Pages - 160 | A5 Size | Wiro Binding | Versatile for School. Home & Office,https://m.media-amazon.com/images/I/71LFQry2pZL._SX522_.jpg,,https://www.amazon.in/zenithink-Stranger-Journal-Notebook-Unruled/dp/B0F4D6LQ3N?crid=19QE69KZMMOJS&dib=eyJ2IjoiMSJ9.GCbSXIvLxl7pocvGz2MFVYHjJVGEuFKpTsF17SUFz1uZ_LT6QXIKrWjp9nFUCUray6JWalz7PPQeQyVHBP_3GAKsMwBKXmGYEkMip6IvM9M11ydnbMCqqOkp0GCKZ8rhqswo01ZNxN8XCSpuP5Iznp9Gfojc-HRdpSCtlUR6KGbCE6e6ELoMzpRPqI6FZS3BRC_i96Y5ebqD0Ce3JlAT7k_iQHnk4guA1hios7O8JLyqFi0HK_usQzfmhBLorCoBBU-j43TKlupg2GxN38USHHanVMgUZ17QZC5TOa_ZdCo.wTCgTvEC4z3rnSRmJzDtTRS2oGwTfSESvzIMuf52czc&dib_tag=se&keywords=stranger%2Bthings&qid=1765115071&sprefix=stranger%2Bthings%2Caps%2C240&sr=8-5&th=1&linkCode=ll1&tag=onlinemar0fad-21&linkId=15f5c8e488c3ee9bb4d4a2f3a1415600&language=en_IN&ref_=as_li_ss_tl
Dika Sports Custom jerseyCricket t-Shirt Breathable Cricket Jersey Printed | 2 Year to 5XL,https://m.media-amazon.com/images/I/51LpBuRt8YL._SX679_.jpg,,https://www.amazon.in/dp/B0DCKCBYR8?social_share=cm_sw_r_cso_wa_mwn_dp_DS22JX0FZB79C5S82S9V&th=1&psc=1&linkCode=ll1&tag=onlinemar0fad-21&linkId=46fee38710969f346f0b7d02461f04bc&language=en_IN&ref_=as_li_ss_tl
Lymio Men Cargo || Men Cargo Pants Cotton || Casual Cargos Pant (Cargo-46-49),https://m.media-amazon.com/images/I/61u5oAftaeL._SY741_.jpg,,https://www.amazon.in/Lymio-Cargo-Cotton-Cargos-Cargo-46-49/dp/B0DF794BDK?crid=3VG71345TQRG9&dib=eyJ2IjoiMSJ9.nuMhiw5lzbhG1H_AXcCqUwyx48NKLS4PtF9B6hggxfOkeQZcBzNv6ifEnt7AwJijtiyBhR4YDvVqNa92qBX5h0-UVjWYMqn9dQHdPqj3-nhed_BqfbF9tWo5P28ovVTyF2Kj_sA-EQn6KF88I7OG0KW2jc-7aaumM1VVph7gkueLDVOElLiQyWQAqUuHaGmfC-AYbq-85_XlaoNo07TG0PE6Gz6sXa_vwoZ1MTj9_MrJfwEmWm0cIZk0pc59kz67Y_xbwP_VZMboM16RbrKnlswg_b0bMjM4qibfUlvE30s.S_CvG-GHLX3IgtZI-y6S1U64dXCTPmIAxFuljnGBBE8&dib_tag=se&keywords=men%2Bfashion&qid=1760509127&sprefix=men%2Bfashion%2Caps%2C212&sr=8-7&th=1&psc=1&linkCode=ll1&tag=onlinemar0fad-21&linkId=286cf86af47eb34b9f73617dc96e04a5&language=en_IN&ref_=as_li_ss_tl
DEELMO Men's Cotton Blend Mandarin Collar Self One Design Full Sleeve Casual Short Kurta,https://m.media-amazon.com/images/I/61SDTiZdvHL._SX679_.jpg,,https://www.amazon.in/DEELMO-Geometric-Regular-MON321_CHIKU_Down-Round_Print_40_Beige/dp/B0CNM4R13B?crid=3VG71345TQRG9&dib=eyJ2IjoiMSJ9.nuMhiw5lzbhG1H_AXcCqUwyx48NKLS4PtF9B6hggxfOkeQZcBzNv6ifEnt7AwJijtiyBhR4YDvVqNa92qBX5h0-UVjWYMqn9dQHdPqj3-nhed_BqfbF9tWo5P28ovVTyF2Kj_sA-EQn6KF88I7OG0KW2jc-7aaumM1VVph7gkueLDVOElLiQyWQAqUuHaGmfC-AYbq-85_XlaoNo07TG0PE6Gz6sXa_vwoZ1MTj9_MrJfwEmWm0cIZk0pc59kz67Y_xbwP_VZMboM16RbrKnlswg_b0bMjM4qibfUlvE30s.S_CvG-GHLX3IgtZI-y6S1U64dXCTPmIAxFuljnGBBE8&dib_tag=se&keywords=men%2Bfashion&qid=1760509127&sprefix=men%2Bfashion%2Caps%2C212&sr=8-6&th=1&psc=1&linkCode=ll1&tag=onlinemar0fad-21&linkId=dfdd4c6bf4a828a1ba2a2e4740a430d9&language=en_IN&ref_=as_li_ss_tl
AUSK Sweatshirt for Mens ||Oversize Mens Sweatshirt || Round Neck Sweatshirts,https://m.media-amazon.com/images/I/71fXbVIbs-L._SX569_.jpg,,https://www.amazon.in/AUSK-Sweatshirt-Fashion-Printed-Front/dp/B0FNR65VPD?crid=3VG71345TQRG9&dib=eyJ2IjoiMSJ9.nuMhiw5lzbhG1H_AXcCqUwyx48NKLS4PtF9B6hggxfOkeQZcBzNv6ifEnt7AwJijtiyBhR4YDvVqNa92qBX5h0-UVjWYMqn9dQHdPqj3-nhed_BqfbF9tWo5P28ovVTyF2Kj_sA-EQn6KF88I7OG0KW2jc-7aaumM1VVph7gkueLDVOElLiQyWQAqUuHaGmfC-AYbq-85_XlaoNo07TG0PE6Gz6sXa_vwoZ1MTj9_MrJfwEmWm0cIZk0pc59kz67Y_xbwP_VZMboM16RbrKnlswg_b0bMjM4qibfUlvE30s.S_CvG-GHLX3IgtZI-y6S1U64dXCTPmIAxFuljnGBBE8&dib_tag=se&keywords=men%2Bfashion&qid=1760509127&sprefix=men%2Bfashion%2Caps%2C212&sr=8-4-spons&sp_csd=d2lkZ2V0TmFtZT1zcF9hdGY&th=1&psc=1&linkCode=ll1&tag=onlinemar0fad-21&linkId=6f5b04a78065ca27b54e37c75d7b9360&language=en_IN&ref_=as_li_ss_tl
HEELIUM Bamboo Gym Vests for Men. Odour Free. Super Soft & Comfortable,https://m.media-amazon.com/images/I/716M+Qr3MzL._SX569_.jpg,,https://www.amazon.in/HEELIUM-Bamboo-Gym-Vests-Odour/dp/B0CDQ9CYPK?crid=3VG71345TQRG9&dib=eyJ2IjoiMSJ9.nuMhiw5lzbhG1H_AXcCqUwyx48NKLS4PtF9B6hggxfOkeQZcBzNv6ifEnt7AwJijtiyBhR4YDvVqNa92qBX5h0-UVjWYMqn9dQHdPqj3-nhed_BqfbF9tWo5P28ovVTyF2Kj_sA-EQn6KF88I7OG0KW2jc-7aaumM1VVph7gkueLDVOElLiQyWQAqUuHaGmfC-AYbq-85_XlaoNo07TG0PE6Gz6sXa_vwoZ1MTj9_MrJfwEmWm0cIZk0pc59kz67Y_xbwP_VZMboM16RbrKnlswg_b0bMjM4qibfUlvE30s.S_CvG-GHLX3IgtZI-y6S1U64dXCTPmIAxFuljnGBBE8&dib_tag=se&keywords=men+fashion&qid=1760509127&sprefix=men+fashion%2Caps%2C212&sr=8-2-spons&sp_csd=d2lkZ2V0TmFtZT1zcF9hdGY&psc=1&linkCode=ll1&tag=onlinemar0fad-21&linkId=a4171aefb6407dba6f98946903d20069&language=en_IN&ref_=as_li_ss_tl
Men Checkered Casual Grey Shirt (PK19SH1095G_Formal-LPT),https://m.media-amazon.com/images/I/81xlBpP5olL._SX679_.jpg,,https://www.amazon.in/Checkered-Casual-Grey-Shirt-PK19SH1095G_Formal-L/dp/B0F7HS98T4?crid=3VG71345TQRG9&dib=eyJ2IjoiMSJ9.nuMhiw5lzbhG1H_AXcCqUwyx48NKLS4PtF9B6hggxfOkeQZcBzNv6ifEnt7AwJijtiyBhR4YDvVqNa92qBX5h0-UVjWYMqn9dQHdPqj3-nhed_BqfbF9tWo5P28ovVTyF2Kj_sA-EQn6KF88I7OG0KW2jc-7aaumM1VVph7gkueLDVOElLiQyWQAqUuHaGmfC-AYbq-85_XlaoNo07TG0PE6Gz6sXa_vwoZ1MTj9_MrJfwEmWm0cIZk0pc59kz67Y_xbwP_VZMboM16RbrKnlswg_b0bMjM4qibfUlvE30s.S_CvG-GHLX3IgtZI-y6S1U64dXCTPmIAxFuljnGBBE8&dib_tag=se&keywords=men%2Bfashion&qid=1760509127&sprefix=men%2Bfashion%2Caps%2C212&sr=8-5&th=1&psc=1&linkCode=ll1&tag=onlinemar0fad-21&linkId=a196c90832438da74de10828fec8bc6d&language=en_IN&ref_=as_li_ss_tl
GRECIILOOKS Men's Formal Button Down Shirt – Slim Fit Shirt's for Men | Textured Long Sleeve Polycotton| Business & Meeting Ready (Available in Plus Size and Combo Pack of 2),https://m.media-amazon.com/images/I/71QrkXBPABL._SY741_.jpg,,https://www.amazon.in/GRECIILOOKS-Solid-Regular-Shirt-GL-MS-6134_White/dp/B0CLZXVR5C?crid=3VG71345TQRG9&dib=eyJ2IjoiMSJ9.nuMhiw5lzbhG1H_AXcCqUwyx48NKLS4PtF9B6hggxfOkeQZcBzNv6ifEnt7AwJijtiyBhR4YDvVqNa92qBX5h0-UVjWYMqn9dQHdPqj3-nhed_BqfbF9tWo5P28ovVTyF2Kj_sA-EQn6KF88I7OG0KW2jc-7aaumM1VVph7gkueLDVOElLiQyWQAqUuHaGmfC-AYbq-85_XlaoNo07TG0PE6Gz6sXa_vwoZ1MTj9_MrJfwEmWm0cIZk0pc59kz67Y_xbwP_VZMboM16RbrKnlswg_b0bMjM4qibfUlvE30s.S_CvG-GHLX3IgtZI-y6S1U64dXCTPmIAxFuljnGBBE8&dib_tag=se&keywords=men%2Bfashion&qid=1760509127&sprefix=men%2Bfashion%2Caps%2C212&sr=8-9&th=1&psc=1&linkCode=ll1&tag=onlinemar0fad-21&linkId=b1fdebc062667fe170362abfef0e3495&language=en_IN&ref_=as_li_ss_tl
Lymio Regular Fit Shirt for Men (Resort-Shirt),https://m.media-amazon.com/images/I/81M9+CD8xBL._SY741_.jpg,,https://www.amazon.in/Lymio-Shirt-Regular-Resort-B-B-2XL-Black-Blue/dp/B0DWSVRHMB?content-id=amzn1.sym.7d24a1f6-077e-4200-9faf-bce027074aa5%3Aamzn1.sym.7d24a1f6-077e-4200-9faf-bce027074aa5&crid=3VG71345TQRG9&cv_ct_cx=men%2Bfashion&keywords=men%2Bfashion&pd_rd_i=B0DWSVRHMB&pd_rd_r=8d2109ee-84cb-4e37-bf84-92f6cf9257a7&pd_rd_w=kYjXM&pd_rd_wg=iIYQ4&pf_rd_p=7d24a1f6-077e-4200-9faf-bce027074aa5&pf_rd_r=4G5MD0KCE51N43JR4RZE&qid=1760509127&sbo=RZvfv%2F%2FHxDF%2BO5021pAnSA%3D%3D&sprefix=men%2Bfashion%2Caps%2C212&sr=1-4-4e480fe6-dd02-46af-8da7-58088322ef64-spons&sp_csd=d2lkZ2V0TmFtZT1zcF9zZWFyY2hfdGhlbWF0aWM&th=1&psc=1&linkCode=ll1&tag=onlinemar0fad-21&linkId=01f4bedfc1bb2f169418f706091550e4&language=en_IN&ref_=as_li_ss_tl
TURMS Anti Stain Men's Checks Shirt | Anti Odor Water Repellent | Cotton Full Sleeves | Available in Plus Sizes. Multiple Colors & Patterns,https://m.media-amazon.com/images/I/71bl8Y1jd4L._SY741_.jpg,,https://www.amazon.in/TURMS-Repellent-Tailored-Checkered-Available/dp/B0DX1QMWXQ?content-id=amzn1.sym.7d24a1f6-077e-4200-9faf-bce027074aa5%3Aamzn1.sym.7d24a1f6-077e-4200-9faf-bce027074aa5&crid=3VG71345TQRG9&cv_ct_cx=men%2Bfashion&keywords=men%2Bfashion&pd_rd_i=B0DX1QMWXQ&pd_rd_r=8d2109ee-84cb-4e37-bf84-92f6cf9257a7&pd_rd_w=kYjXM&pd_rd_wg=iIYQ4&pf_rd_p=7d24a1f6-077e-4200-9faf-bce027074aa5&pf_rd_r=4G5MD0KCE51N43JR4RZE&qid=1760509127&sbo=RZvfv%2F%2FHxDF%2BO5021pAnSA%3D%3D&sprefix=men%2Bfashion%2Caps%2C212&sr=1-1-4e480fe6-dd02-46af-8da7-58088322ef64-spons&sp_csd=d2lkZ2V0TmFtZT1zcF9zZWFyY2hfdGhlbWF0aWM&th=1&psc=1&linkCode=ll1&tag=onlinemar0fad-21&linkId=47e9c55bc73920962f706f969b851807&language=en_IN&ref_=as_li_ss_tl
Symbol Premium Men's Casual Washed Cotton Twill Shirt (Regular Fit),https://m.media-amazon.com/images/I/71XX0OTaPbL._SX569_.jpg,,https://www.amazon.in/Symbol-Premium-Casual-Regular-Green_L/dp/B0DPKP5P6G?content-id=amzn1.sym.88162dec-e7ad-44a4-bc35-c1ae6ac07aba%3Aamzn1.sym.88162dec-e7ad-44a4-bc35-c1ae6ac07aba&crid=3VG71345TQRG9&cv_ct_cx=men%2Bfashion&keywords=men%2Bfashion&pd_rd_i=B0DPKP5P6G&pd_rd_r=8d2109ee-84cb-4e37-bf84-92f6cf9257a7&pd_rd_w=Tbodw&pd_rd_wg=iIYQ4&pf_rd_p=88162dec-e7ad-44a4-bc35-c1ae6ac07aba&pf_rd_r=4G5MD0KCE51N43JR4RZE&qid=1760509127&sbo=RZvfv%2F%2FHxDF%2BO5021pAnSA%3D%3D&sprefix=men%2Bfashion%2Caps%2C212&sr=1-1-883a54c7-f466-4d42-997c-6d482a360a1a-spons&sp_csd=d2lkZ2V0TmFtZT1zcF9zZWFyY2hfdGhlbWF0aWM&th=1&psc=1&linkCode=ll1&tag=onlinemar0fad-21&linkId=9edae197e7bb7e1792e2fab042002be7&language=en_IN&ref_=as_li_ss_tl
Fastrack Vyb Charmer Quartz Analog Pink Dial Watch for Women,https://m.media-amazon.com/images/I/71YJyrWBvCL._SX522_.jpg,,https://www.amazon.in/Fastrack-Charmer-Quartz-Analog-Watch/dp/B0DTTXNZT2?crid=3KHOH92M5L5R9&dib=eyJ2IjoiMSJ9.0rjGjn-EfvNMwk21goTG8Hx-pVTzWgbvvKrRHmQl5euku6lALinwZizkzfcQFwZWU1LEgBANSWmr1bfMBaSeWxICmd-y_j1sOfCH3L_8bjrTPw01h4E5_Z2W5dsVvM5u39DE8o44RItkfEwK65xW3rRnGUW_USo-wCYSy4mH2c4yQbh4CpvgO7LdHylwOd_MSLrfDmvfLWJYROwAU3uQOzd0SPGqwG-WwszpHUGu7EUsAsBjY40yaEZSeFjaCgn-shvGJzpw54BD9_0cmbhS-O1cv7ypse7zA1UlLDXogIA.e2mcfyxUKI8QTk8xo2t3iJjWq9VmSnT31DTBGxu3PgE&dib_tag=se&keywords=watch%2Bfor%2Bwoman&qid=1758090979&refinements=p_72%3A1318476031&rnid=1318475031&sprefix=watch%2Caps%2C271&sr=8-8&th=1&linkCode=ll1&tag=onlinemar0fad-21&linkId=fa7598fb48648e3f7e46e9675f68068c&language=en_IN&ref_=as_li_ss_tl
BRUNO MILANO Stylish Watches Mesh Band Shiny Dial for Women and Girls,https://m.media-amazon.com/images/I/71rn78i6zSL._SX679_.jpg,,https://www.amazon.in/BRUNO-MILANO-Stylish-Analogue-Gold-Teal/dp/B0DNK1Y1P1?content-id=amzn1.sym.88162dec-e7ad-44a4-bc35-c1ae6ac07aba%3Aamzn1.sym.88162dec-e7ad-44a4-bc35-c1ae6ac07aba&crid=3KHOH92M5L5R9&cv_ct_cx=watch%2Bfor%2Bwoman&keywords=watch%2Bfor%2Bwoman&pd_rd_i=B0DNK1Y1P1&pd_rd_r=233e5642-2573-4cf0-8c6a-9d67e8c941b6&pd_rd_w=XNZhK&pd_rd_wg=6v1c3&pf_rd_p=88162dec-e7ad-44a4-bc35-c1ae6ac07aba&pf_rd_r=MFBTPMNXYDW6MW7F4MK2&qid=1758090979&refinements=p_72%3A1318476031&rnid=1318475031&sbo=RZvfv%2F%2FHxDF%2BO5021pAnSA%3D%3D&sprefix=watch%2Caps%2C271&sr=1-4-883a54c7-f466-4d42-997c-6d482a360a1a-spons&sp_csd=d2lkZ2V0TmFtZT1zcF9zZWFyY2hfdGhlbWF0aWM&th=1&linkCode=ll1&tag=onlinemar0fad-21&linkId=7428054a24718359cc18398d88f6ac13&language=en_IN&ref_=as_li_ss_tl
Carlton London Green Dial Watch for Women | Stainless Steel | Analog | Gold-Green Waterproof Watches for Women Girls Ladies | Fashionable Trendy Quartz Movement Wrist Watch-CLSSCDGRN,https://m.media-amazon.com/images/I/71Br2efqV3L._SX679_.jpg,,https://www.amazon.in/Carlton-London-Gold-Green-Waterproof-Fashionable/dp/B0D8GHRGCH?crid=3KHOH92M5L5R9&dib=eyJ2IjoiMSJ9.0rjGjn-EfvNMwk21goTG8Hx-pVTzWgbvvKrRHmQl5euku6lALinwZizkzfcQFwZWU1LEgBANSWmr1bfMBaSeWxICmd-y_j1sOfCH3L_8bjrTPw01h4E5_Z2W5dsVvM5u39DE8o44RItkfEwK65xW3rRnGUW_USo-wCYSy4mH2c4yQbh4CpvgO7LdHylwOd_MSLrfDmvfLWJYROwAU3uQOzd0SPGqwG-WwszpHUGu7EUsAsBjY40yaEZSeFjaCgn-shvGJzpw54BD9_0cmbhS-O1cv7ypse7zA1UlLDXogIA.e2mcfyxUKI8QTk8xo2t3iJjWq9VmSnT31DTBGxu3PgE&dib_tag=se&keywords=watch+for+woman&qid=1758090979&refinements=p_72%3A1318476031&rnid=1318475031&sprefix=watch%2Caps%2C271&sr=8-59-spons&sp_csd=d2lkZ2V0TmFtZT1zcF9idGY&psc=1&linkCode=ll1&tag=onlinemar0fad-21&linkId=887602cf7a53166a559c265ce7039c5d&language=en_IN&ref_=as_li_ss_tl
NIBOSI Women Stainless Steel Watches Analog Rose Gold Band and Square Dial Women's Watch for Girls&Miss&Ladies Diamond Studded with Stylish Watches Waterproof,https://m.media-amazon.com/images/I/61LHCKSBZtL._SX679_.jpg,,https://www.amazon.in/NIBOSI-Watches-Diamond-Studded-Waterproof/dp/B0BVLNSXWZ?content-id=amzn1.sym.1ee134bc-32b2-41b4-b087-995ae57bc094%3Aamzn1.sym.1ee134bc-32b2-41b4-b087-995ae57bc094&crid=3KHOH92M5L5R9&cv_ct_cx=watch%2Bfor%2Bwoman&keywords=watch%2Bfor%2Bwoman&pd_rd_i=B0BVLNSXWZ&pd_rd_r=4671042a-0627-4925-9f0a-e553921a2ce6&pd_rd_w=ACBY6&pd_rd_wg=4H5No&pf_rd_p=1ee134bc-32b2-41b4-b087-995ae57bc094&pf_rd_r=ESZKJSPCAQF9MFS855JR&qid=1758091684&refinements=p_72%3A1318476031&rnid=1318475031&sbo=RZvfv%2F%2FHxDF%2BO5021pAnSA%3D%3D&sprefix=watch%2Caps%2C271&sr=1-49-39d2cf51-924d-44a4-921d-0c8fa4cce3c9-spons&xpid=iRQvIoi26-vcF&sp_csd=d2lkZ2V0TmFtZT1zcF9zZWFyY2hfdGhlbWF0aWNfYnRm&th=1&linkCode=ll1&tag=onlinemar0fad-21&linkId=5bd1826e800ee973d425f24f1daa9f4&language=en_IN&ref_=as_li_ss_tl
Titan Raga Showstopper Quartz Analog Pink Dial Rose Gold Metal Strap Watch for Women - NT95286WM01,https://m.media-amazon.com/images/I/71lzSr3lA0L._SX679_.jpg,,https://www.amazon.in/Titan-Showstopper-Quartz-Analog-Women-95286WM01/dp/B0CVV2LHCJ?crid=3KHOH92M5L5R9&dib=eyJ2IjoiMSJ9.i-43Yfu7ukmPwhLd_01h6CV-SOTz1-XU15FYysmdrZIJz467q3kzfccdlTjYHp7RpXDTjIGDfbfbdd4W7SmVZMLBCy7GIO9HDkl65t3-m0AvmIn63jJj19PxlxOsDJHg4xywEUPPUZGBj1umt1JwCEk05DBa8lQmaeED8iMNQalWHki031t_sWciWEt3AE-UdOnHQxxt6BTGcmqR9-0YFZz2rWmRJAumOdlGFxFRyJUV1KegvSO1dJObBRsxCrFSM72YK8xDGkHLSHimtfqMCRlasFyIM3Jj7BE0bBV_iEQ.sm3eBV8eonwerHGnSgiKjcWFfqqw49uZej2JWQnhA_A&dib_tag=se&keywords=watch+for+woman&qid=1758091827&refinements=p_72%3A1318476031&rnid=1318475031&sprefix=watch%2Caps%2C271&sr=8-121&xpid=iRQvIoi26-vcF&linkCode=ll1&tag=onlinemar0fad-21&linkId=e05fe5e090228c51116c5dc13ae2bc59&language=en_IN&ref_=as_li_ss_tl
PHILIPS HP8142/00 1000 Watts Hair Dryer (Blue),https://m.media-amazon.com/images/I/71ie3xP1YGL._SX679_.jpg,,https://www.amazon.in/Philips-HP8142-Hair-Dryer-Blue/dp/B076JJT62W?crid=290R9IQJJGM7F&dib=eyJ2IjoiMSJ9.fxOjsYPl6hnWSMGwC56zZw_YPOAJNmi5b3rca2r7MZEFsFQ-Y-a1zDoXGLlPIu6eAZpMwaJMfST6n9y7yd5_pr9J6D31E7H46O_c-1XN38_ysCgclxNT039xH9ZAP0SXh5EDtm1rwBapDNftWFzRwXg1DaD1i0L8wfKpixLBxtTYskEpcbqfulvQ5ttdSxXY4G_Gme_vZ_pmkcT6cEzQvj1h-yfYm63kRQYP9Nkd4tCbu6k1rhrZDwI5wnr1AUBVTG8vjm72ox1KEfAp3zgcHnpkvYRSVgIAKinAITj7ynY.ZOwqPgoflLkmsm_lJDQQi968A_YQEGpUuKqYZ6IgjTA&dib_tag=se&keywords=hair+dryer+850&qid=1765183182&sprefix=hair+dryer+850%2Caps%2C236&sr=8-18&linkCode=ll1&tag=onlinemar0fad-21&linkId=027eef9f7db3c7ce691004544f793c25&language=en_IN&ref_=as_li_ss_tl
Bata Slipon Casual Shoes for Women | Comfortable Stylish Everyday Footwear,https://m.media-amazon.com/images/I/916BMAdgYXL._SX575_.jpg,,https://www.amazon.in/Bata-Selah-Women-Slip-Shoes/dp/B0CBKK4B4H?crid=1IR81SEJ5BHF3&dib=eyJ2IjoiMSJ9.7We9jqpAd08nn_j2mYmQc14pA1cS-VfoT-OlW7qMWJ2KmIPIyROWLfKdrPpcx2jXznjIOvZQZ2dnYwRCJuxXHlsaWs-h2v68e_KHsgNhFr6IdC1JQvcbUCxTp_yQ0BoYtatpCYQ36OQd-heZ895rVcGT9L-fiGTGI8k2Pb0kkFcTxkPP5wtObKFF85Gomf-bSs0kml4jcbVEADo7dIsVv1EOf8jAGQrwVFVOEko9TJtKzKVMlkajJuyM0uiGA15oAdqcMN8OXDSFQqicSUWbH3OGxPn703Go4CkiHpSl66s.F_qPucVPyNgsUtMCQlWNFTQgK6cZntvNUO6GMyRo8ZQ&dib_tag=se&keywords=women%2Bshoes%2B7&qid=1765183767&refinements=p_36%3A-51000&rnid=4516629031&sprefix=women%2Bshoes%2B7%2Caps%2C248&sr=8-16&th=1&psc=1&linkCode=ll1&tag=onlinemar0fad-21&linkId=b60485ae300dda81770c050fab14813c&language=en_IN&ref_=as_li_ss_tl
Lifelong LLWS18 Digital Weighing Scale|Glass Weighing Scale Machine|Electronic Bathroom Scales & Weight Machine for Home & Human Balance & Battery included (Black),https://m.media-amazon.com/images/I/71XLCcNTZRL._SX522_.jpg,,https://www.amazon.in/Lifelong-LLWS18-Glass-Weighing-Scale/dp/B0953W15MX?crid=18Y51B456DHK9&dib=eyJ2IjoiMSJ9.MLovQ4zEW50zB5PjWcOUGzoMoFL_vThwX0cgRr2IuOBlpMU_8wcLMxBxW9oDZIN3JFC9AKxxHzGvjFXBNTC0h7JFgB2-xh3UmFuEPWOQFWIpQrXnNrJunTgdLHAMW5rmR0PPEH9qTWbLk6kY45jESdOGj-C_DbnYyhGLWSyqYYSKlwr_qzNux1fXCaiKQ8PLUQZii_w8vd0iHujRZi7xGVyNdXD8UARfxXtQ9fI-gP2QaVgT0nrqR0mhUhutpFJPl7XpXeoZ7KFAjiyU5H1zUJFVDuq95dBqHxGl088ADxA.EG4PxlbXfzovgL1KNmuFrMmJxOC4ANxnEJZahSUkqYo&dib_tag=se&keywords=lifelong+weight+machine&qid=1764684948&sprefix=llifelong+weight+machine%2Caps%2C1680&sr=8-10&linkCode=ll1&tag=onlinemar0fad-21&linkId=aff8d765130d5c12bd4516a795f377e7&language=en_IN&ref_=as_li_ss_tl
LS LAPSTER Quality Assured Male to Male VGA Cable 1.5 Meter. Support Monitor/PC/LCD/LED. Plasma. Projector. TFT (LST-VGACBLE-1.5M),https://m.media-amazon.com/images/I/61Vvfbrp1gL._SX679_.jpg,,https://www.amazon.in/LS-LAPSTER-Quality-Assured-LST-VGACBLE-1-5M/dp/B08Z45SCH9?crid=19O0LHDLHNOAW&dib=eyJ2IjoiMSJ9.pQkCaILcjwbYrOFctMS_VC9SUbfUk1AwYcWJmvqJZ5h4pHSnKhPtuJJE_rHU3unTtOMMzT73FnOLUfCp9N8qb5uTjiOFUnz4MKgP1w9DOFr-3H0CK8WrFPbIPBGHoBH6bv8jIETxj8O_ms2uaBsKxpr1B9iQtjyR5FE9rEeP9VIcEprnZHYckZOd4zJLG4faYWuFzpFujyJDghe_1oaOQGKZDFpgLSyxUWmxbLW0v5g.pVZ5jJCZMUj2tmfCAg2rUVQ31-umY0ovBjTUypUht2A&dib_tag=se&keywords=LS+LAPSTER+QUALITY+ASSURED+MALE+TO+MALE+VGA+CABLE+1.5+Meter&nsdOptOutParam=true&qid=1764692859&sprefix=ls+lapster+quality+assured+male+to+male+vga+cable+1.5+mete%2Caps%2C229&sr=8-3&linkCode=ll1&tag=onlinemar0fad-21&linkId=971d8104241c6f4f282d1033095fcc4c&language=en_IN&ref_=as_li_ss_tl
ZEBRONICS Pluto 1-2.1 Channel Desktop Speaker with 15 watts Output. Bluetooth 5.3. 3.5mm Jack Line Input. Inbuilt Volume Control. USB Powered. RGB Lights,https://m.media-amazon.com/images/I/81PXaN6mgrL._SX522_.jpg,,https://www.amazon.in/dp/B0CL2HNC31?social_share=cm_sw_r_cso_wa_apan_dp_0F51TG5YWB5SQJE2K4VF&th=1&linkCode=ll1&tag=onlinemar0fad-21&linkId=a3e372743b5408735aefbafdf635ad74&language=en_IN&ref_=as_li_ss_tl
TIMEX Classics Analog Watch for Women with Blue Round Dial & Rose Gold Stainless Steel Bracelet Band Water Resistant Women's Wrist Watches - TWEL15804,https://m.media-amazon.com/images/I/51saI+H10PL._SY741_.jpg,,https://www.amazon.in/TIMEX-Classics-Women-Round-Analog/dp/B0BYZFHQTL?crid=3KHOH92M5L5R9&dib=eyJ2IjoiMSJ9.ii3oXRsb5J77xVLFFeSEf7MdqIChIDRM1771hOz4YV7O1KK4cTnoRqfNQ-bNIMug4UPPy7B_E1skLxNiBK8WYWkIm_-DOxlp_hLi0UN0NhLyHjmPsI2uH4bKDJTKXuAN7eRA7Xjz4pzanTwicyzFVFIi2V9SlX1qLc9tYKOBNCvXGjlAHj-LX68_YKoEeyrAAyzFz-tIWLOweCJXttRzFzVd2IUFlo767r0dQTjgj9iIdSdvXdmhMggHyT9JaIzI4-UHKUVueo1DLPIEyx5_0w6uKMBLAZ9HyVlneS7hAN4.o6jS8_bvEOfP4Sp4tZcBgiB0M4kJjHgmDBKCprFUNhE&dib_tag=se&keywords=watch+for+woman&qid=1758092043&refinements=p_72%3A1318476031&rnid=1318475031&sprefix=watch%2Caps%2C271&sr=8-151&xpid=iRQvIoi26-vcF&linkCode=ll1&tag=onlinemar0fad-21&linkId=76841c2de0cea978250a58d44e3e0a80&language=en_IN&ref_=as_li_ss_tl
Titan Raga Ascend Quartz Analog Brown Dial Brown Metal Strap Watch for Women - NT2697QM02,https://m.media-amazon.com/images/I/61vtcFE95nL._SX522_.jpg,,https://www.amazon.in/Titan-Ascend-Quartz-Analog-Brown/dp/B0DBR2BWWW?crid=1608JQ8TY84L6&dib=eyJ2IjoiMSJ9.-YIVHCFkRVR8ZlJfkDpSZAvVJd1IYcFjRPY-n1jnT48hdHnKswrukiydnIkbTJfHzagXoIWKazaYr1Azw6NZxJToDvmJfwoA69cahh9zXKkOeMgqSttiAkjjn-0knd28ek_29aqIFcnZA9-Yhrf_tg8JkV1dDtNZd4eN_sV9rj0s8c96-2s7O2JNdJUmY8JhW44_NErM7d9DcED9ezdWx6Dw5BqFpdRurl2NvAHW59hrU2NYJ44AYaECbo9fV1IMyqSkeBtSVkDFFrDp3N2jbF5_4vvkba4mGjXFPPDUEqM.Bf2Had0bTjydHN80w3Kmr-oW7E8Hx2iNzDJvQAcRjps&dib_tag=se&keywords=watches%2Bfor%2Bwoman&qid=1758092226&sprefix=watches%2Caps%2C341&sr=8-275&xpid=BgbZFJ69sXXna&th=1&linkCode=ll1&tag=onlinemar0fad-21&linkId=e088dae9f73090a458882fb7b4575f47&language=en_IN&ref_=as_li_ss_tl
Fastrack Vyb Iconique Quartz Analog White Dial Watch for Women,https://m.media-amazon.com/images/I/71k4tZeqSvL._SX522_.jpg,,https://www.amazon.in/Fastrack-Iconique-Quartz-Analog-White/dp/B0DTTWKNH6?crid=1608JQ8TY84L6&dib=eyJ2IjoiMSJ9.-YIVHCFkRVR8ZlJfkDpSZAvVJd1IYcFjRPY-n1jnT48hdHnKswrukiydnIkbTJfHzagXoIWKazaYr1Azw6NZxJToDvmJfwoA69cahh9zXKkOeMgqSttiAkjjn-0knd28ek_29aqIFcnZA9-Yhrf_tg8JkV1dDtNZd4eN_sV9rj0s8c96-2s7O2JNdJUmY8JhW44_NErM7d9DcED9ezdWx6Dw5BqFpdRurl2NvAHW59hrU2NYJ44AYaECbo9fV1IMyqSkeBtSVkDFFrDp3N2jbF5_4vvkba4mGjXFPPDUEqM.Bf2Had0bTjydHN80w3Kmr-oW7E8Hx2iNzDJvQAcRjps&dib_tag=se&keywords=watches%2Bfor%2Bwoman&qid=1758092226&sprefix=watches%2Caps%2C341&sr=8-278&xpid=BgbZFJ69sXXna&th=1&linkCode=ll1&tag=onlinemar0fad-21&linkId=c4b1850b8bf7c76da83f887f43326e2f&language=en_IN&ref_=as_li_ss_tl
Fastrack Quartz Analog White Dial White Leather Strap Watch for Girls - NS6093SL01,https://m.media-amazon.com/images/I/61Cxwu05uGS._SY741_.jpg,,https://www.amazon.in/Fastrack-Forms-Analog-Womens-Watch-NK6093SL01/dp/B00GSJ4A26?content-id=amzn1.sym.1ee134bc-32b2-41b4-b087-995ae57bc094%3Aamzn1.sym.1ee134bc-32b2-41b4-b087-995ae57bc094&crid=1608JQ8TY84L6&cv_ct_cx=watches+for+woman&keywords=watches+for+woman&pd_rd_i=B00GSJ4A26&pd_rd_r=ce28de65-e871-4c09-9667-7b6ee4e6fe41&pd_rd_w=x2v56&pd_rd_wg=5sI5i&pf_rd_p=1ee134bc-32b2-41b4-b087-995ae57bc094&pf_rd_r=KCVK7HP9EY3MQWT6M6RZ&qid=1758092551&sbo=RZvfv%2F%2FHxDF%2BO5021pAnSA%3D%3D&sprefix=watches%2Caps%2C341&sr=1-293-39d2cf51-924d-44a4-921d-0c8fa4cce3c9-spons&xpid=BgbZFJ69sXXna&sp_csd=d2lkZ2V0TmFtZT1zcF9zZWFyY2hfdGhlbWF0aWNfYnRm&psc=1&linkCode=ll1&tag=onlinemar0fad-21&linkId=c083cffae0450cba884a0d19885c81c1&language=en_IN&ref_=as_li_ss_tl
OLEVS Luxury Watch for Women Rose Gold Studded Diamond Square Girls&Ladies Wrist Watches Stainless Steel Waterproof Luminous Elegant Women's Gift,https://m.media-amazon.com/images/I/71HvHiqhLsL._SX679_.jpg,,https://www.amazon.in/OLEVS-Analogue-Stainless-Waterproof-Luminous/dp/B0F31WM8TV?content-id=amzn1.sym.f4325b99-8968-4d6c-a274-a54cc530dfac%3Aamzn1.sym.f4325b99-8968-4d6c-a274-a54cc530dfac&crid=1608JQ8TY84L6&cv_ct_cx=watches%2Bfor%2Bwoman&keywords=watches%2Bfor%2Bwoman&pd_rd_i=B0F31WM8TV&pd_rd_r=feac1854-945f-49aa-b56c-f83ad1d34af6&pd_rd_w=dNbXu&pd_rd_wg=8NFIG&pf_rd_p=f4325b99-8968-4d6c-a274-a54cc530dfac&pf_rd_r=B41S0YWWA4X6M17C7JKN&qid=1758092671&sbo=RZvfv%2F%2FHxDF%2BO5021pAnSA%3D%3D&sprefix=watches%2Caps%2C341&sr=1-243-2ec22325-1003-449d-8aaf-c0bcc24717ae-spons&xpid=BgbZFJ69sXXna&sp_csd=d2lkZ2V0TmFtZT1zcF9zZWFyY2hfdGhlbWF0aWM&th=1&linkCode=ll1&tag=onlinemar0fad-21&linkId=4714fff291b5e84208d5d6474e36de81&language=en_IN&ref_=as_li_ss_tl
Nerf Elite Disruptor Blaster. 6-Dart Rotating Drum. 6 Nerf Elite Darts. Slam Fire. New Reflex Blue Color. Toys for Kids. Teens & Adults. Outdoor Toys for Boys and Girls Ages 8+,https://m.media-amazon.com/images/I/51YTDczOenL._SX522_.jpg,,https://www.amazon.in/Nerf-Disruptor-Blaster-6-Dart-Rotating/dp/B09641VP14?crid=F0H9BT1ZDYRE&dib=eyJ2IjoiMSJ9.53pbimla6_IHOARVP7jrrAt3mHqpckVAFdDuU_yjK_8BuLsxSLFs22PeOge03jBRhRd-6xG2tGiet-Hs1MCT8XKH7NyEPwRe3tQNj5qDB6AnCjbHv61iTQddORKIihhrbyef4k856r3GjOlhKnLkgOV9vjrCAUKd2TUsJyryYW2sVYEqBsoUmw1dBC647VKw9PQFTlC-q1MlbZDXQTlgl3sMW7xk_jEKcFaTrzyP57T1o7t5-iMSkbkGiGcMT24BuCBgM5pmHgtmct8FXKpaKFtDv1d4YNZe7e7hdkfigyQ.a3skeP1lOKbyVDEte7-rOZRfJK1Mbp7bGDoIQCObvEc&dib_tag=se&keywords=nerf&nsdOptOutParam=true&qid=1758380909&sprefix=ner%2Caps%2C343&sr=8-3-spons&sp_csd=d2lkZ2V0TmFtZT1zcF9hdGY&psc=1&linkCode=ll1&tag=onlinemar0fad-21&linkId=f53a024dca4f4f2cbed9f71977bfba43&language=en_IN&ref_=as_li_ss_tl
Nerf Elite Strongarm Clear Blaster - Rotating Barrel. Slam Fire. 6 Official Nerf Elite Darts - for Kids. Teens. Adults,https://m.media-amazon.com/images/I/41Z9dYT6xsL._SY300_SX300_QL70_FMwebp_.jpg,,https://www.amazon.in/Strongarm-Blaster-Rotating-Official-Nerf/dp/B07HKFJ59J?crid=F0H9BT1ZDYRE&dib=eyJ2IjoiMSJ9.53pbimla6_IHOARVP7jrrAt3mHqpckVAFdDuU_yjK_8BuLsxSLFs22PeOge03jBRhRd-6xG2tGiet-Hs1MCT8XKH7NyEPwRe3tQNj5qDB6AnCjbHv61iTQddORKIihhrbyef4k856r3GjOlhKnLkgOV9vjrCAUKd2TUsJyryYW2sVYEqBsoUmw1dBC647VKw9PQFTlC-q1MlbZDXQTlgl3sMW7xk_jEKcFaTrzyP57T1o7t5-iMSkbkGiGcMT24BuCBgM5pmHgtmct8FXKpaKFtDv1d4YNZe7e7hdkfigyQ.a3skeP1lOKbyVDEte7-rOZRfJK1Mbp7bGDoIQCObvEc&dib_tag=se&keywords=nerf&nsdOptOutParam=true&qid=1758380909&sprefix=ner%2Caps%2C343&sr=8-14&th=1&linkCode=ll1&tag=onlinemar0fad-21&linkId=b60126a66a4181ba461dfe664a9b6a3b&language=en_IN&ref_=as_li_ss_tl
Nerf Elite 2.0 Shockwave Toy Blaster. 30 Darts.15-Dart Rotating Drum. for Kids Teens and Adults. Outdoor Toy for Boys & Kids Ages 8 and Up,https://m.media-amazon.com/images/I/81mEHSkhnnL._SX522_.jpg,,https://www.amazon.in/Shockwave-Blaster-15-Dart-Rotating-Pump-Action/dp/B083QZLXZG?crid=F0H9BT1ZDYRE&dib=eyJ2IjoiMSJ9.53pbimla6_IHOARVP7jrrAt3mHqpckVAFdDuU_yjK_8BuLsxSLFs22PeOge03jBRhRd-6xG2tGiet-Hs1MCT8XKH7NyEPwRe3tQNj5qDB6AnCjbHv61iTQddORKIihhrbyef4k856r3GjOlhKnLkgOV9vjrCAUKd2TUsJyryYW2sVYEqBsoUmw1dBC647VKw9PQFTlC-q1MlbZDXQTlgl3sMW7xk_jEKcFaTrzyP57T1o7t5-iMSkbkGiGcMT24BuCBgM5pmHgtmct8FXKpaKFtDv1d4YNZe7e7hdkfigyQ.a3skeP1lOKbyVDEte7-rOZRfJK1Mbp7bGDoIQCObvEc&dib_tag=se&keywords=nerf&nsdOptOutParam=true&qid=1758380909&sbo=RZvfv%2F%2FHxDF%2BO5021pAnSA%3D%3D&sprefix=ner%2Caps%2C343&sr=8-15&th=1&linkCode=ll1&tag=onlinemar0fad-21&linkId=808ebfa6143cba754d11444155839f5c&language=en_IN&ref_=as_li_ss_tl
Nerf Alpha Strike Claw Qs-4 Blaster 4 Official Nerf Elite Foam Darts.Multicolor,https://m.media-amazon.com/images/I/818LHGdOJxL._SX522_.jpg,,https://www.amazon.in/Nerf-Alpha-Strike-Blaster-Official/dp/B09H4XCPTV?crid=F0H9BT1ZDYRE&dib=eyJ2IjoiMSJ9.53pbimla6_IHOARVP7jrrAt3mHqpckVAFdDuU_yjK_8BuLsxSLFs22PeOge03jBRhRd-6xG2tGiet-Hs1MCT8XKH7NyEPwRe3tQNj5qDB6AnCjbHv61iTQddORKIihhrbyef4k856r3GjOlhKnLkgOV9vjrCAUKd2TUsJyryYW2sVYEqBsoUmw1dBC647VKw9PQFTlC-q1MlbZDXQTlgl3sMW7xk_jEKcFaTrzyP57T1o7t5-iMSkbkGiGcMT24BuCBgM5pmHgtmct8FXKpaKFtDv1d4YNZe7e7hdkfigyQ.a3skeP1lOKbyVDEte7-rOZRfJK1Mbp7bGDoIQCObvEc&dib_tag=se&keywords=nerf&nsdOptOutParam=true&qid=1758380909&sprefix=ner%2Caps%2C343&sr=8-16&linkCode=ll1&tag=onlinemar0fad-21&linkId=13e2c20abf076d6b2b706a1fb38495a7&language=en_IN&ref_=as_li_ss_tl
Nerf Alpha Strike Hammerstorm Blaster – Hammer-Priming Action. Rotating 8-Dart Drum. 8 Official Nerf Elite Darts – for Children. Teens. Adults. Multicolor (E6748),https://m.media-amazon.com/images/I/41KouKaVVdL._SY300_SX300_QL70_FMwebp_.jpg,,https://www.amazon.in/Nerf-Alpha-Strike-Hammerstorm-Blaster/dp/B09473ZRGQ?crid=F0H9BT1ZDYRE&dib=eyJ2IjoiMSJ9.53pbimla6_IHOARVP7jrrAt3mHqpckVAFdDuU_yjK_8BuLsxSLFs22PeOge03jBRhRd-6xG2tGiet-Hs1MCT8XKH7NyEPwRe3tQNj5qDB6AnCjbHv61iTQddORKIihhrbyef4k856r3GjOlhKnLkgOV9vjrCAUKd2TUsJyryYW2sVYEqBsoUmw1dBC647VKw9PQFTlC-q1MlbZDXQTlgl3sMW7xk_jEKcFaTrzyP57T1o7t5-iMSkbkGiGcMT24BuCBgM5pmHgtmct8FXKpaKFtDv1d4YNZe7e7hdkfigyQ.a3skeP1lOKbyVDEte7-rOZRfJK1Mbp7bGDoIQCObvEc&dib_tag=se&keywords=nerf&nsdOptOutParam=true&qid=1758380909&sprefix=ner%2Caps%2C343&sr=8-17&th=1&linkCode=ll1&tag=onlinemar0fad-21&linkId=cd35f9da8dfc54b42e18643c9e5edb05&language=en_IN&ref_=as_li_ss_tl
SQUISHCO Plastic Anime Figurine. Action Figure Anime. Small Size Anime Figure Collectible Statue. Perfect For Desk Shelf Or Car Decoration. Multicolor. 14x14 cm,https://m.media-amazon.com/images/I/61qbsIBI6gL._SX679_.jpg,,https://www.amazon.in/SQUISHCO-Figurine-Collectible-Decoration-Multicolor/dp/B0F98XJC5X?crid=IAUCZ4BMIVAL&dib=eyJ2IjoiMSJ9.KP0cvUIKqIpSLZvWJ-CSzakCTizlAOAqLIrE2LIOXvr_BqveHG4izCcCxns56Ct1LSCDkevP8OGcpfbIjbsbBP2YYfRUUHe4mJsoQ7SHJ4E3Mi21aYNZ2r1sB0t_j1Bi4QUGORjN-5RGH--37969k98PKlrLfPN-uzP55tO08NqfWcKQ9TMgc_6adLzjxViGKQoeEI_d3pS2Q1lHysJyh1E667kCOwIRj-G8sSLII_jDh-ElHo3PN3r2ISXp0v8dKjFbE8ww3DbSFBtQhlRSivJJutyTqA_izFPmo5-lqig.CoSEuPAbQoAj3_IaANFEJPRzd-HSzssfHT_2rUjpaXU&dib_tag=se&keywords=anime+figures&qid=1757509838&sprefix=anime+figure%2Caps%2C326&sr=8-9&linkCode=ll1&tag=onlinemar0fad-21&linkId=2834932db6b236c6ef08931f9037a3a6&language=en_IN&ref_=as_li_ss_tl
Redmi 15 5G Sandy Purple 8GB + 256GB | Segment's Largest 7000mAhA Battery | Segment's Largest Display 17.53cm(6.9) Up to 144Hz | Snapdragon 6s Gen 3 | 18W Reverse Charging | 50MP AI Dual Camera,https://m.media-amazon.com/images/I/812OvmyYPmL._SX679_.jpg,,https://www.amazon.in/gp/aw/d/B0FJFRYXFK?_encoding=UTF8&pd_rd_plhdr=t&aaxitk=cad595f5333ac591e052bab2122b8833&hsa_cr_id=0&qid=1758555542&sr=1-1-e0fa1fdd-d857-4087-adda-5bd576b25987&pd_rd_w=euR46&content-id=amzn1.sym.cbe1d71a-30e3-45dc-b787-bad221b13c68%3Aamzn1.sym.cbe1d71a-30e3-45dc-b787-bad221b13c68&pf_rd_p=cbe1d71a-30e3-45dc-b787-bad221b13c68&pf_rd_r=78Q0577Z4AFDBY20NB6G&pd_rd_wg=tccEe&pd_rd_r=bbfb0858-3b10-484d-90b5-f36c449c027c&th=1&linkCode=ll1&tag=onlinemar0fad-21&linkId=2c19ba759a24768ec37d055764242cff&language=en_IN&ref_=as_li_ss_tl
difru Kids Theme Based Boys & Girls Co ord Sets. T Shirt and Shorts for Casual Wear,https://m.media-amazon.com/images/I/61YWLwh+G5L._SX679_.jpg,,https://www.amazon.in/difru-Theme-Based-Shorts-Casual/dp/B0FLKJ9F4T?crid=10N3QWBERWY1C&dib=eyJ2IjoiMSJ9.AJ9n4yaQ8nGTwjivzZ4ea2nIYKfCRZj9Lka5DcvkUEuEG3Lqq0UqSDD16eUkLNmd4WuYS2nnfO3cVr9BXPsn4EabsSPBhytrJ8YzBrWlv7wO12GXWnVR5_R4iqcT2hVrIIhY2m5sWIHUZXvuVrdohQ4aeVqqYwGvln88Zrs5qGdXJgCKAPOey5Al8q64xI2xSWUvn9AS9TLLWUADglOOi6rjMU7d8S-dst0cZlYgs1W5yb2hiH7hWZFJOwWRhjCuS-KXdyZFjdKg0ROI25jwGBAeamqBfZZ0upS1pPXppXo.N9zQCeXbx1Hf5cShBkDGSlsaVquO4ma4wzYh6S3KgYA&dib_tag=se&keywords=kids%2Bfashion&qid=1760424745&sprefix=kids%2Bfashion%2Caps%2C309&sr=8-1-spons&sp_csd=d2lkZ2V0TmFtZT1zcF9hdGY&th=1&psc=1&linkCode=ll1&tag=onlinemar0fad-21&linkId=9271ebda356cd9ab42307d347ee54532&language=en_IN&ref_=as_li_ss_tl
Amazon Brand - Symbol Girls Fit and Flare Printed 100% Cotton Knit Dress | Age 2-10 Years,https://m.media-amazon.com/images/I/61U9IYQ4tfL._SX569_.jpg,,https://www.amazon.in/Amazon-Brand-Printed-KD-DRG-SS25-144_Navy-Polka-Dot_8-10/dp/B0F6NH3QKD?crid=10N3QWBERWY1C&dib=eyJ2IjoiMSJ9.AJ9n4yaQ8nGTwjivzZ4ea2nIYKfCRZj9Lka5DcvkUEuEG3Lqq0UqSDD16eUkLNmd4WuYS2nnfO3cVr9BXPsn4EabsSPBhytrJ8YzBrWlv7wO12GXWnVR5_R4iqcT2hVrIIhY2m5sWIHUZXvuVrdohQ4aeVqqYwGvln88Zrs5qGdXJgCKAPOey5Al8q64xI2xSWUvn9AS9TLLWUADglOOi6rjMU7d8S-dst0cZlYgs1W5yb2hiH7hWZFJOwWRhjCuS-KXdyZFjdKg0ROI25jwGBAeamqBfZZ0upS1pPXppXo.N9zQCeXbx1Hf5cShBkDGSlsaVquO4ma4wzYh6S3KgYA&dib_tag=se&keywords=kids%2Bfashion&qid=1760424745&sprefix=kids%2Bfashion%2Caps%2C309&sr=8-2-spons&sp_csd=d2lkZ2V0TmFtZT1zcF9hdGY&th=1&psc=1&linkCode=ll1&tag=onlinemar0fad-21&linkId=93ee6585e96cd2ca41ad8dacd1f038c8&language=en_IN&ref_=as_li_ss_tl
difru Kids Cotton Shorts T-Shirt Combo | Unisex | Half Sleeves | Round Neck,https://m.media-amazon.com/images/I/61DDRAS1MWL._SX679_.jpg,,https://www.amazon.in/difru-Cotton-Shorts-T-Shirt-Sleeves/dp/B0F24P2XV6?crid=10N3QWBERWY1C&dib=eyJ2IjoiMSJ9.AJ9n4yaQ8nGTwjivzZ4ea2nIYKfCRZj9Lka5DcvkUEuEG3Lqq0UqSDD16eUkLNmd4WuYS2nnfO3cVr9BXPsn4EabsSPBhytrJ8YzBrWlv7wO12GXWnVR5_R4iqcT2hVrIIhY2m5sWIHUZXvuVrdohQ4aeVqqYwGvln88Zrs5qGdXJgCKAPOey5Al8q64xI2xSWUvn9AS9TLLWUADglOOi6rjMU7d8S-dst0cZlYgs1W5yb2hiH7hWZFJOwWRhjCuS-KXdyZFjdKg0ROI25jwGBAeamqBfZZ0upS1pPXppXo.N9zQCeXbx1Hf5cShBkDGSlsaVquO4ma4wzYh6S3KgYA&dib_tag=se&keywords=kids%2Bfashion&qid=1760424745&sprefix=kids%2Bfashion%2Caps%2C309&sr=8-3-spons&sp_csd=d2lkZ2V0TmFtZT1zcF9hdGY&th=1&psc=1&linkCode=ll1&tag=onlinemar0fad-21&linkId=9ff80d305e82ee97f8034f11be9b5cad&language=en_IN&ref_=as_li_ss_tl
Googo Gaaga Boy's Cotton full Sleeves Printed Sweatshirt and Pant Set in Multi Color,https://m.media-amazon.com/images/I/517+8nArL8L._SX679_.jpg,,https://www.amazon.in/Googo-Cotton-Sleeves-Printed-Sweatshirt/dp/B0877ZDBJC?crid=2IOQB9QLNXFYN&dib=eyJ2IjoiMSJ9.VxtAelr2RsWiAjfxxL3920JdVFa4ZEcpA4VNMZU2sCSEpPoe5x-sf1y4XZASo9RT1ow9RneTLs9x0gj2WJ6tlSa2zSPkgWEAWuFcn0Zikcb_2y4lEMWriBwDydIvOLk4NyNLlN6UnwyxzwN435a0N8-2MGF6TjOF-JAhotVvtfVx-Mo5-eIzCGre3piUfH6udfzs_K9ps95VJh7q110FZmk6bAqua5lwvhItyBpyo05PsVk1wEC-QatlxTDJezb9_m_dbG1jzQv8vWVG51n1dXqI1Yay6N7ze8pir6hk4PE.NM9lMcBRc-SDdz5YEjdJBAhy47O9RWsSCoLRpNATwDU&dib_tag=se&keywords=kids%2Bfashion&qid=1760508425&sprefix=%2Caps%2C260&sr=8-7&th=1&psc=1&linkCode=ll1&tag=onlinemar0fad-21&linkId=a6799fa9b81fe83feded70a58d286c79&language=en_IN&ref_=as_li_ss_tl
Kuchipoo Boys Half Sleeves Cotton T-Shirt,https://m.media-amazon.com/images/I/819-KO3JrVL._SY741_.jpg,,https://www.amazon.in/Kuchipoo-Regular-T-Shirts-KUC-TSHRT-474-Multi-Colored/dp/B0D7ZSW4WT?crid=2IOQB9QLNXFYN&dib=eyJ2IjoiMSJ9.VxtAelr2RsWiAjfxxL3920JdVFa4ZEcpA4VNMZU2sCSEpPoe5x-sf1y4XZASo9RT1ow9RneTLs9x0gj2WJ6tlSa2zSPkgWEAWuFcn0Zikcb_2y4lEMWriBwDydIvOLk4NyNLlN6UnwyxzwN435a0N8-2MGF6TjOF-JAhotVvtfVx-Mo5-eIzCGre3piUfH6udfzs_K9ps95VJh7q110FZmk6bAqua5lwvhItyBpyo05PsVk1wEC-QatlxTDJezb9_m_dbG1jzQv8vWVG51n1dXqI1Yay6N7ze8pir6hk4PE.NM9lMcBRc-SDdz5YEjdJBAhy47O9RWsSCoLRpNATwDU&dib_tag=se&keywords=kids%2Bfashion&qid=1760508425&sprefix=%2Caps%2C260&sr=8-6&th=1&psc=1&linkCode=ll1&tag=onlinemar0fad-21&linkId=6cbfc02332f55a20e7b2d149877f8322&language=en_IN&ref_=as_li_ss_tl
T2F Girls Cotton Printed Regular Fit Crop Top (Pack of 5),https://m.media-amazon.com/images/I/81BMQHRaoOL._SX679_.jpg,,https://www.amazon.in/T2F-Regular-Shoulder-T-Shirt-GLS-TSRT-20_Multicolor/dp/B0D8JR5SZM?crid=2IOQB9QLNXFYN&dib=eyJ2IjoiMSJ9.VxtAelr2RsWiAjfxxL3920JdVFa4ZEcpA4VNMZU2sCSEpPoe5x-sf1y4XZASo9RT1ow9RneTLs9x0gj2WJ6tlSa2zSPkgWEAWuFcn0Zikcb_2y4lEMWriBwDydIvOLk4NyNLlN6UnwyxzwN435a0N8-2MGF6TjOF-JAhotVvtfVx-Mo5-eIzCGre3piUfH6udfzs_K9ps95VJh7q110FZmk6bAqua5lwvhItyBpyo05PsVk1wEC-QatlxTDJezb9_m_dbG1jzQv8vWVG51n1dXqI1Yay6N7ze8pir6hk4PE.NM9lMcBRc-SDdz5YEjdJBAhy47O9RWsSCoLRpNATwDU&dib_tag=se&keywords=kids%2Bfashion&qid=1760508425&sprefix=%2Caps%2C260&sr=8-9&th=1&psc=1&linkCode=ll1&tag=onlinemar0fad-21&linkId=76092003e6e44f14fd58c9bb9e8cd4e6&language=en_IN&ref_=as_li_ss_tl
TAGAS Boy's Checkered Regular Fit Shirt,https://m.media-amazon.com/images/I/61PsnoIRXiL._SY741_.jpg,,https://www.amazon.in/TAGAS-Boys-Regular-Shirt-BS-3030-YELLOW-7_Yellow/dp/B0F23YLFNY?crid=2IOQB9QLNXFYN&dib=eyJ2IjoiMSJ9.VxtAelr2RsWiAjfxxL3920JdVFa4ZEcpA4VNMZU2sCSEpPoe5x-sf1y4XZASo9RT1ow9RneTLs9x0gj2WJ6tlSa2zSPkgWEAWuFcn0Zikcb_2y4lEMWriBwDydIvOLk4NyNLlN6UnwyxzwN435a0N8-2MGF6TjOF-JAhotVvtfVx-Mo5-eIzCGre3piUfH6udfzs_K9ps95VJh7q110FZmk6bAqua5lwvhItyBpyo05PsVk1wEC-QatlxTDJezb9_m_dbG1jzQv8vWVG51n1dXqI1Yay6N7ze8pir6hk4PE.NM9lMcBRc-SDdz5YEjdJBAhy47O9RWsSCoLRpNATwDU&dib_tag=se&keywords=kids%2Bfashion&qid=1760508425&sprefix=%2Caps%2C260&sr=8-8&th=1&psc=1&linkCode=ll1&tag=onlinemar0fad-21&linkId=249b10db2b5b5499bb79bca3a06d59ad&language=en_IN&ref_=as_li_ss_tl
TAGAS GIRLS Top With Pant,https://m.media-amazon.com/images/I/51bCNTyrUlL._SY741_.jpg,,https://www.amazon.in/TAGAS-Summer-Printed-Two-Piece-Clothing/dp/B0DJDDTZM4?crid=2IOQB9QLNXFYN&dib=eyJ2IjoiMSJ9.VxtAelr2RsWiAjfxxL3920JdVFa4ZEcpA4VNMZU2sCSEpPoe5x-sf1y4XZASo9RT1ow9RneTLs9x0gj2WJ6tlSa2zSPkgWEAWuFcn0Zikcb_2y4lEMWriBwDydIvOLk4NyNLlN6UnwyxzwN435a0N8-2MGF6TjOF-JAhotVvtfVx-Mo5-eIzCGre3piUfH6udfzs_K9ps95VJh7q110FZmk6bAqua5lwvhItyBpyo05PsVk1wEC-QatlxTDJezb9_m_dbG1jzQv8vWVG51n1dXqI1Yay6N7ze8pir6hk4PE.NM9lMcBRc-SDdz5YEjdJBAhy47O9RWsSCoLRpNATwDU&dib_tag=se&keywords=kids%2Bfashion&qid=1760508425&sprefix=%2Caps%2C260&sr=8-10&th=1&psc=1&linkCode=ll1&tag=onlinemar0fad-21&linkId=8b2200bd1c42d40e133efdbc5453ebc9&language=en_IN&ref_=as_li_ss_tl
Real Basics Unisex Cotton Fleece Full Sleeve Track Suit for Boys & Girls,https://m.media-amazon.com/images/I/81RYIC4MmTL._SX679_.jpg,,https://www.amazon.in/Real-Basics-Cotton-Fleece-Clothing/dp/B0BRVK23LH?content-id=amzn1.sym.7f127af2-01e9-4e9a-857b-f7f598682cc6%3Aamzn1.sym.7f127af2-01e9-4e9a-857b-f7f598682cc6&crid=2IOQB9QLNXFYN&cv_ct_cx=kids%2Bfashion&keywords=kids%2Bfashion&pd_rd_i=B0BRVK23LH&pd_rd_r=cd0eeae0-1d4d-40fd-8e79-50ccce9ed1e6&pd_rd_w=ehYO8&pd_rd_wg=ZLBPk&pf_rd_p=7f127af2-01e9-4e9a-857b-f7f598682cc6&pf_rd_r=K02AKTJWH0NCF4TJ8BV4&qid=1760508425&sbo=RZvfv%2F%2FHxDF%2BO5021pAnSA%3D%3D&sprefix=%2Caps%2C260&sr=1-1-9131241a-a358-4619-a7b8-0f5a65d91d81&th=1&psc=1&linkCode=ll1&tag=onlinemar0fad-21&linkId=02afd17cdc987a27a835f8e1277ec58e&language=en_IN&ref_=as_li_ss_tl
T2F girls Clothing Set,https://m.media-amazon.com/images/I/71OT3rBZEKL._SX679_.jpg,,https://www.amazon.in/T2F-Printed-Oversized-T-Shirt-Clothing/dp/B0F3XYC6LD?crid=2IOQB9QLNXFYN&dib=eyJ2IjoiMSJ9.VxtAelr2RsWiAjfxxL3920JdVFa4ZEcpA4VNMZU2sCSEpPoe5x-sf1y4XZASo9RT1ow9RneTLs9x0gj2WJ6tlSa2zSPkgWEAWuFcn0Zikcb_2y4lEMWriBwDydIvOLk4NyNLlN6UnwyxzwN435a0N8-2MGF6TjOF-JAhotVvtfVx-Mo5-eIzCGre3piUfH6udfzs_K9ps95VJh7q110FZmk6bAqua5lwvhItyBpyo05PsVk1wEC-QatlxTDJezb9_m_dbG1jzQv8vWVG51n1dXqI1Yay6N7ze8pir6hk4PE.NM9lMcBRc-SDdz5YEjdJBAhy47O9RWsSCoLRpNATwDU&dib_tag=se&keywords=kids%2Bfashion&qid=1760508425&sprefix=%2Caps%2C260&sr=8-14&th=1&psc=1&linkCode=ll1&tag=onlinemar0fad-21&linkId=466c1dc66d407c5884d7ec551349831a&language=en_IN&ref_=as_li_ss_tl
U ARE 925 Sterling Silver 18K Gold Plated Stellar Circle Nose Pin for Women and Girls | With Certificate of Authenticity and 925 Stamp,https://m.media-amazon.com/images/I/714oLtKS7nL._SY625_.jpg,,https://www.amazon.in/ARE-Sterling-Zirconia-Certificate-Authenticity/dp/B0DK5R8KB3?crid=30BC9IB6YJ02L&dib=eyJ2IjoiMSJ9.XFIZQ5NvtiLuGOGvs73ro4r0-jo8kV16oZ1iPLO6V2qLD-z7hVUI354SKPSkcPRuKNqe1cVTV0Xkt3UYL7bk-wCDDkn2WHqdDih6PiCKUkPbCYBJGUlqCVBSpcIGUvL_gPLahlt87z8uD1xGRb0HLtM8BC6YRBmXy9zPCkKOEu9Oeg0evi8Xpss9oi9tUSWbCe-uaq8cYI1MdwbSM8zeZqq_dExD0z5jYxkwvjWg8F_sIyAuhA2plShLEjedkhI_TQ2e-1NKhnZ6fD2jbw5Tu1TEqZWb4lJ5nW7TcihwMWw.DJoJr2JBRGe_llOC4sQYgEdW-c45EzLK8kPsMFufdRw&dib_tag=se&keywords=nosepins&qid=1760700871&sprefix=nosepins%2Caps%2C250&sr=8-4-spons&sp_csd=d2lkZ2V0TmFtZT1zcF9hdGY&th=1&linkCode=ll1&tag=onlinemar0fad-21&linkId=6ea9a71d2219652ad543fadd256bf671&language=en_IN&ref_=as_li_ss_tl
U ARE 925 Sterling Silver 18K Gold Plated Wavy Grace Nose Pin for Women and Girls | With Certificate of Authenticity and 925 Stamp,https://m.media-amazon.com/images/I/61NKSlO9tVL._SY625_.jpg,,https://www.amazon.in/ARE-Sterling-Zirconia-Certificate-Authenticity/dp/B0DT718YP8?crid=30BC9IB6YJ02L&dib=eyJ2IjoiMSJ9.XFIZQ5NvtiLuGOGvs73ro4r0-jo8kV16oZ1iPLO6V2qLD-z7hVUI354SKPSkcPRuKNqe1cVTV0Xkt3UYL7bk-wCDDkn2WHqdDih6PiCKUkPbCYBJGUlqCVBSpcIGUvL_gPLahlt87z8uD1xGRb0HLtM8BC6YRBmXy9zPCkKOEu9Oeg0evi8Xpss9oi9tUSWbCe-uaq8cYI1MdwbSM8zeZqq_dExD0z5jYxkwvjWg8F_sIyAuhA2plShLEjedkhI_TQ2e-1NKhnZ6fD2jbw5Tu1TEqZWb4lJ5nW7TcihwMWw.DJoJr2JBRGe_llOC4sQYgEdW-c45EzLK8kPsMFufdRw&dib_tag=se&keywords=nosepins&qid=1760700871&sprefix=nosepins%2Caps%2C250&sr=8-3-spons&sp_csd=d2lkZ2V0TmFtZT1zcF9hdGY&psc=1&linkCode=ll1&tag=onlinemar0fad-21&linkId=2eb809716ace7f346629c78ea26b7177&language=en_IN&ref_=as_li_ss_tl
GIVA 925 Silver Aurora Kiss Nosepin| Nose pin for Women and Girls | With Certificate of Authenticity and 925 Stamp | 6 Months Warranty,https://m.media-amazon.com/images/I/51+8buDc2wL._SY625_.jpg,,https://www.amazon.in/GIVA-Nosepin-Certificate-Authenticity-Warranty/dp/B0DNMV3JH2?content-id=amzn1.sym.88162dec-e7ad-44a4-bc35-c1ae6ac07aba%3Aamzn1.sym.88162dec-e7ad-44a4-bc35-c1ae6ac07aba&crid=30BC9IB6YJ02L&cv_ct_cx=nosepins&keywords=nosepins&pd_rd_i=B0DNMV3JH2&pd_rd_r=2572441d-d2c5-4735-87b4-0f9e560f5da4&pd_rd_w=AKieu&pd_rd_wg=AmXTI&pf_rd_p=88162dec-e7ad-44a4-bc35-c1ae6ac07aba&pf_rd_r=BGY9NXZ66CQE4NB11H5N&qid=1760700871&sbo=RZvfv%2F%2FHxDF%2BO5021pAnSA%3D%3D&sprefix=nosepins%2Caps%2C250&sr=1-2-883a54c7-f466-4d42-997c-6d482a360a1a-spons&sp_csd=d2lkZ2V0TmFtZT1zcF9zZWFyY2hfdGhlbWF0aWM&psc=1&linkCode=ll1&tag=onlinemar0fad-21&linkId=1f0008e9f4fef12de446f9eeb0a638df&language=en_IN&ref_=as_li_ss_tl
U ARE 925 Sterling Silver 18K Gold Plated Stellar Circle Nose Pin for Women and Girls | With Certificate of Authenticity and 925 Stamp,https://m.media-amazon.com/images/I/71Z8AhqD8pL._SY625_.jpg,,https://www.amazon.in/ARE-Sterling-Zirconia-Certificate-Authenticity/dp/B0DK5NRPJ3?crid=30BC9IB6YJ02L&dib=eyJ2IjoiMSJ9.669DRPBhN3ZaqMT_zCMlsybtzRhUokj2kEldeJS8SaDzKN3AgAKJtFiIATFMlcWBHC84ew9CZF_IXX1Coh5tIuAAWTJyW9idmKxIIFSxmJU.zOrorIv3PQ3xyXbM7u9gZ1OnZJRsLpWdT5GzLpe6yIo&dib_tag=se&keywords=nosepins&qid=1760701251&sprefix=nosepins%2Caps%2C250&sr=8-49-spons&xpid=3qDRPEJxhogth&sp_csd=d2lkZ2V0TmFtZT1zcF9hdGZfbmV4dA&psc=1&linkCode=ll1&tag=onlinemar0fad-21&linkId=c84687b4a2f177e910abb77c45a9c826&language=en_IN&ref_=as_li_ss_tl
Via Mazzini Gold Plated Crystals Studded Half Moon Clip-On Bendable Nose Ring For Women And Girls (NR0212) 1 Pc,https://m.media-amazon.com/images/I/61ph3Ko2sqL._SY625_.jpg,,https://www.amazon.in/Via-Mazzini-Crystals-Bendable-NR0212/dp/B09MN75HJJ?crid=30BC9IB6YJ02L&dib=eyJ2IjoiMSJ9.XQJQ09aUVLlc15d-qyF0gE94E73UnMUhH8GCv2H59vBKY3UMPs7aSV_ZLRUupCOeYe6ejNytl90NPpP7c0xDm2wT28qZKgEI5YSGSGkIsirXnoxxt5bQg-WLwpPMDMDQnYF0DOTltm0nmqOVTa24pxWt2x9e9e3nDWKKQkmWX0LACbJdWerKL9BApRrJ1HDKozGtzSPdY7K9uqBCmdevGGoL_vDLfqBEdVqdZe0U915PpuboI4Spp_b7UpIXUgr05r9SaTTTuzB0101z3S-Cp0GIy4d7AcI-yCPTey4fIPY.UxPuan6oRNKPmE5tC4B5CgnOhUeRP9sgxEMJ8wfmrV4&dib_tag=se&keywords=nosepins&qid=1760701446&sprefix=nosepins%2Caps%2C250&sr=8-233&xpid=3qDRPEJxhogth&linkCode=ll1&tag=onlinemar0fad-21&linkId=327c0ee77615e0d1e9adae5879462224&language=en_IN&ref_=as_li_ss_tl
HighSpark 925 Silver Nose Pin for Women | 92.5 Sterling Silver & Stunning Shine | Lovely Gift for Women & Girls,https://m.media-amazon.com/images/I/51SA9mIcUUL._SY625_.jpg,,https://www.amazon.in/HighSpark-Sterling-Studded-Elegant-Piercing/dp/B0B6W7NBTN?crid=30BC9IB6YJ02L&dib=eyJ2IjoiMSJ9.whYaYRFEJK1CNJvAHNiHrDiYuzgIQjHueDDRuNZB-FSSqhEqTL1p4uPnbxKFVfW6nzGBBegXRuUuG2_cKKG1lQk4WhYwzv-iU98v5tGuwvt65dt19L-V2VBpuLmZKOxehFL3CO8Dy-KrlUjuDgybNbRv3sj0THr6N6CFrWYzzg2-5rcACh5wVZuKubVjgsOs.OC2ar1sHFzXNcFOxZhs-EerpTNQE9u-lZEjvrQqL3o8&dib_tag=se&keywords=nosepins&qid=1760702326&sprefix=nosepins%2Caps%2C250&sr=8-307-spons&xpid=3qDRPEJxhogth&sp_csd=d2lkZ2V0TmFtZT1zcF9idGY&psc=1&linkCode=ll1&tag=onlinemar0fad-21&linkId=8d475fc2f2e2ffc4edbe4f3d6e6d1007&language=en_IN&ref_=as_li_ss_tl
Quirksmith 92.5 Silver Oxidised Rawa Nosepin/Septum Ring/Gifts for Women and Girls/Wire and Clipon Variant/For pierced nose/With Certificate of Authenticity/Birthday Gift,https://m.media-amazon.com/images/I/61+TIOcNiwL._SY625_.jpg,,https://www.amazon.in/Quirksmith-Oxidised-Certificate-Authenticity-Birthday/dp/B0DNZ8MKKM?crid=30BC9IB6YJ02L&dib=eyJ2IjoiMSJ9.4xSiD04b_rVfki21l3Ueat2HjBP0J4Z2tkyZJb_gTgLnGICjtypwoBaPyswpZ1vJz4EHZI8lLFYkAhAJNE2kFpEqKOVgbst7_YHDb5XmqUk.rQZWHTo3uKyVrz2AZvuDXrknaAmGBjcH75XGx0YSd78&dib_tag=se&keywords=nosepins&qid=1760702326&sprefix=nosepins%2Caps%2C250&sr=8-298&xpid=3qDRPEJxhogth&linkCode=ll1&tag=onlinemar0fad-21&linkId=239c08eefe0ab881dc42bd4f3c69a83b&language=en_IN&ref_=as_li_ss_tl
GIVA 925 Silver Floral Fantasy Nose Pin | Gifts for Women and Girls | With Certificate of Authenticity and 925 Stamp | 6 Months Warranty,https://m.media-amazon.com/images/I/51cVZhjUkZL._SY625_.jpg,,https://www.amazon.in/GIVA-Fantasy-Certificate-Authenticity-Warranty/dp/B0CKTFVRFF?crid=30BC9IB6YJ02L&dib=eyJ2IjoiMSJ9.whYaYRFEJK1CNJvAHNiHrDiYuzgIQjHueDDRuNZB-FSSqhEqTL1p4uPnbxKFVfW6nzGBBegXRuUuG2_cKKG1lQk4WhYwzv-iU98v5tGuwvt65dt19L-V2VBpuLmZKOxehFL3CO8Dy-KrlUjuDgybNbRv3sj0THr6N6CFrWYzzg2-5rcACh5wVZuKubVjgsOs.OC2ar1sHFzXNcFOxZhs-EerpTNQE9u-lZEjvrQqL3o8&dib_tag=se&keywords=nosepins&qid=1760702326&sprefix=nosepins%2Caps%2C250&sr=8-300-spons&xpid=3qDRPEJxhogth&sp_csd=d2lkZ2V0TmFtZT1zcF9tdGY&psc=1&linkCode=ll1&tag=onlinemar0fad-21&linkId=cb1d50c41a58269788bd5fa2984d2b90&language=en_IN&ref_=as_li_ss_tl
DHRUVS COLLECTION Pure 925 Silver Oxidized Square Stone Nose Pin/Nose Ring for Girls & Women,https://m.media-amazon.com/images/I/51Le3mi1FgL._SY625_.jpg,,https://www.amazon.in/DHRUVS-COLLECTION-Silver-Oxidized-Square/dp/B09KS2J7H4?crid=30BC9IB6YJ02L&dib=eyJ2IjoiMSJ9.cjW6iOPlP4ArYaietb9fRBoJSqSvVhFZh_5lWQe_eLZMLHFg0F-fpTaagqmzk7X7ARnKZeUwqRijtJe5CEOpFQ0h5X0HqA7pKXFTHcBqRHQBgFrxD-Hx8ul_Ic_jxEhpIZAHA9wY1NGA_iHPryAHnkoWUcTG8w2OZkRzvsk961RIYU9nFgDaUxdugL0IWyHUesG2zLOT2WRGJoyn6SpLiyyXpKCZsnPVc-T3Dj7vCVhHnbqR-qjfvMG2eMTCcF9UiFhX9Zes5pjFVFt0iuARquZpxLZGdGbPcFE_hSnylOw.IBDwlZxWIWTm1KXo0gI--xG5SG3z45D-zJXGjNF8uug&dib_tag=se&keywords=nosepins&qid=1760702793&sprefix=nosepins%2Caps%2C250&sr=8-248&xpid=3qDRPEJxhogth&linkCode=ll1&tag=onlinemar0fad-21&linkId=8bd6990e5eb82aba030bbb542af3c604&language=en_IN&ref_=as_li_ss_tl
U ARE 925 Sterling Silver 18K Gold Plated Stellar Circle Nose Pin for Women and Girls | With Certificate of Authenticity and 925 Stamp,https://m.media-amazon.com/images/I/61f-LkaAKVL._SY625_.jpg,,https://www.amazon.in/ARE-Sterling-Zirconia-Certificate-Authenticity/dp/B0DK5R8KB3?crid=2K3JLYC9EVG52&dib=eyJ2IjoiMSJ9.WY7vH4xjQ27XKu0Ybef4DxqQ_A9AHfTtfxUlEp5o1zBCY4f3_TQhG1tNJOy6lUL8dbagE7Hbb2Fd2GAYlJ6sxhbj3lwzrmfezfZaD6HKcc0UU9bxVLZ_6R_eui21DL4umKuKqWJw864-3ydFoNIXS40vAvVJGre0uromJyEhGCcSRf2AqoCgqrG1Fauby2aS2iB2UgAiYKbBO6A8q85Fv7iKCBOiQSp4SDBXju5vMZK8WOh7z5qofZ0QZ_ID2Wq-OYf0k2mCQB6xHxNg9Zuq4bcwIiCY8QnMwsrrzhswENI.sffaW0P2SkB_sC9SxEaEgl5-sPf7mjLjz1vQXC-17BI&dib_tag=se&keywords=U%2BARE%2B925%2BSterling%2BSilver%2B18K%2BGold%2BPlated%2BStellar%2BCircle%2BNose%2BPin&nsdOptOutParam=true&qid=1765205253&sprefix=u%2Bare%2B925%2Bsterling%2Bsilver%2B18k%2Bgold%2Bplated%2Bstellar%2Bcircle%2Bnose%2Bpin%2B%2Caps%2C232&sr=8-5&th=1&linkCode=ll1&tag=onlinemar0fad-21&linkId=1131e93097ce8758b389ac645e4aeed1&language=en_IN&ref_=as_li_ss_tl
